WARNING: A terminally deprecated method in sun.misc.Unsafe has been called
WARNING: sun.misc.Unsafe::staticFieldBase has been called by com.google.inject.internal.aop.HiddenClassDefiner (file:/opt/homebrew/Cellar/maven/3.9.10/libexec/lib/guice-5.1.0-classes.jar)
WARNING: Please consider reporting this to the maintainers of class com.google.inject.internal.aop.HiddenClassDefiner
WARNING: sun.misc.Unsafe::staticFieldBase will be removed in a future release
[INFO] Scanning for projects...
[WARNING] 
[WARNING] Some problems were encountered while building the effective model for com.zomato:mail-service:jar:0.0.1-SNAPSHOT
[WARNING] 'build.plugins.plugin.version' for org.apache.maven.plugins:maven-compiler-plugin is missing. @ line 63, column 12
[WARNING] 'build.plugins.plugin.version' for org.springframework.boot:spring-boot-maven-plugin is missing. @ line 75, column 12
[WARNING] 
[WARNING] It is highly recommended to fix these problems because they threaten the stability of your build.
[WARNING] 
[WARNING] For this reason, future Maven versions might no longer support building such malformed projects.
[WARNING] 
[INFO] 
[INFO] ----------------------< com.zomato:mail-service >-----------------------
[INFO] Building mail-service 0.0.1-SNAPSHOT
[INFO]   from pom.xml
[INFO] --------------------------------[ jar ]---------------------------------
[INFO] 
[INFO] >>> spring-boot:4.0.0:run (default-cli) > test-compile @ mail-service >>>
[INFO] 
[INFO] --- resources:3.3.1:resources (default-resources) @ mail-service ---
[WARNING] Using platform encoding (UTF-8 actually) to copy filtered resources, i.e. build is platform dependent!
[INFO] Copying 1 resource from src/main/resources to target/classes
[INFO] 
[INFO] --- compiler:3.13.0:compile (default-compile) @ mail-service ---
[INFO] Nothing to compile - all classes are up to date.
[INFO] 
[INFO] --- resources:3.3.1:testResources (default-testResources) @ mail-service ---
[WARNING] Using platform encoding (UTF-8 actually) to copy filtered resources, i.e. build is platform dependent!
[INFO] skip non existing resourceDirectory /Users/rajivyadav/Desktop/NutriMatrix/mail-service/src/test/resources
[INFO] 
[INFO] --- compiler:3.13.0:testCompile (default-testCompile) @ mail-service ---
[INFO] Nothing to compile - all classes are up to date.
[INFO] 
[INFO] <<< spring-boot:4.0.0:run (default-cli) < test-compile @ mail-service <<<
[INFO] 
[INFO] 
[INFO] --- spring-boot:4.0.0:run (default-cli) @ mail-service ---
[INFO] Attaching agents: []

  .   ____          _            __ _ _
 /\\ / ___'_ __ _ _(_)_ __  __ _ \ \ \ \
( ( )\___ | '_ | '_| | '_ \/ _` | \ \ \ \
 \\/  ___)| |_)| | | | | || (_| |  ) ) ) )
  '  |____| .__|_| |_|_| |_\__, | / / / /
 =========|_|==============|___/=/_/_/_/

 :: Spring Boot ::                (v3.5.5)

2025-12-08T17:11:12.019+05:30  INFO 57781 --- [mail-service] [  restartedMain] c.z.mail_service.MailServiceApplication  : Starting MailServiceApplication using Java 25 with PID 57781 (/Users/rajivyadav/Desktop/NutriMatrix/mail-service/target/classes started by rajivyadav in /Users/rajivyadav/Desktop/NutriMatrix/mail-service)
2025-12-08T17:11:12.020+05:30  INFO 57781 --- [mail-service] [  restartedMain] c.z.mail_service.MailServiceApplication  : The following 1 profile is active: "dev"
2025-12-08T17:11:12.046+05:30  INFO 57781 --- [mail-service] [  restartedMain] .e.DevToolsPropertyDefaultsPostProcessor : Devtools property defaults active! Set 'spring.devtools.add-properties' to 'false' to disable
2025-12-08T17:11:12.046+05:30  INFO 57781 --- [mail-service] [  restartedMain] .e.DevToolsPropertyDefaultsPostProcessor : For additional web related logging consider setting the 'logging.level.web' property to 'DEBUG'
2025-12-08T17:11:12.369+05:30  INFO 57781 --- [mail-service] [  restartedMain] .s.d.r.c.RepositoryConfigurationDelegate : Bootstrapping Spring Data MongoDB repositories in DEFAULT mode.
2025-12-08T17:11:12.392+05:30  INFO 57781 --- [mail-service] [  restartedMain] .s.d.r.c.RepositoryConfigurationDelegate : Finished Spring Data repository scanning in 20 ms. Found 1 MongoDB repository interface.
2025-12-08T17:11:12.466+05:30  INFO 57781 --- [mail-service] [  restartedMain] o.s.cloud.context.scope.GenericScope     : BeanFactory id=a3a2674f-b45a-319e-8749-61c0e232a1f1
2025-12-08T17:11:12.716+05:30  INFO 57781 --- [mail-service] [  restartedMain] o.s.b.w.embedded.tomcat.TomcatWebServer  : Tomcat initialized with port 8086 (http)
2025-12-08T17:11:12.725+05:30  INFO 57781 --- [mail-service] [  restartedMain] o.apache.catalina.core.StandardService   : Starting service [Tomcat]
2025-12-08T17:11:12.725+05:30  INFO 57781 --- [mail-service] [  restartedMain] o.apache.catalina.core.StandardEngine    : Starting Servlet engine: [Apache Tomcat/10.1.44]
2025-12-08T17:11:12.746+05:30  INFO 57781 --- [mail-service] [  restartedMain] o.a.c.c.C.[Tomcat].[localhost].[/]       : Initializing Spring embedded WebApplicationContext
2025-12-08T17:11:12.746+05:30  INFO 57781 --- [mail-service] [  restartedMain] w.s.c.ServletWebServerApplicationContext : Root WebApplicationContext: initialization completed in 700 ms
2025-12-08T17:11:12.854+05:30  WARN 57781 --- [mail-service] [  restartedMain] o.s.b.d.a.OptionalLiveReloadServer       : Unable to start LiveReload server
2025-12-08T17:11:12.991+05:30  INFO 57781 --- [mail-service] [  restartedMain] org.mongodb.driver.client                : MongoClient with metadata {"driver": {"name": "mongo-java-driver|sync|spring-boot", "version": "5.5.1"}, "os": {"type": "Darwin", "name": "Mac OS X", "architecture": "aarch64", "version": "14.4.1"}, "platform": "Java/Homebrew/25"} created with settings MongoClientSettings{readPreference=primary, writeConcern=WriteConcern{w=majority, wTimeout=null ms, journal=null}, retryWrites=true, retryReads=true, readConcern=ReadConcern{level=null}, credential=MongoCredential{mechanism=null, userName='rootuser', source='admin', password=<hidden>, mechanismProperties=<hidden>}, transportSettings=null, commandListeners=[], codecRegistry=ProvidersCodecRegistry{codecProviders=[ValueCodecProvider{}, BsonValueCodecProvider{}, DBRefCodecProvider{}, DBObjectCodecProvider{}, DocumentCodecProvider{}, CollectionCodecProvider{}, IterableCodecProvider{}, MapCodecProvider{}, GeoJsonCodecProvider{}, GridFSFileCodecProvider{}, Jsr310CodecProvider{}, JsonObjectCodecProvider{}, BsonCodecProvider{}, EnumCodecProvider{}, com.mongodb.client.model.mql.ExpressionCodecProvider@6ed82f2e, com.mongodb.Jep395RecordCodecProvider@897655e, com.mongodb.KotlinCodecProvider@36017272]}, loggerSettings=LoggerSettings{maxDocumentLength=1000}, clusterSettings={hosts=[127.0.0.1:27017], srvHost=zomato-mail.uziojbv.mongodb.net, srvServiceName=mongodb, mode=MULTIPLE, requiredClusterType=REPLICA_SET, requiredReplicaSetName='atlas-ucrn9o-shard-0', serverSelector='null', clusterListeners='[]', serverSelectionTimeout='30000 ms', localThreshold='15 ms'}, socketSettings=SocketSettings{connectTimeoutMS=10000, readTimeoutMS=0, receiveBufferSize=0, proxySettings=ProxySettings{host=null, port=null, username=null, password=null}}, heartbeatSocketSettings=SocketSettings{connectTimeoutMS=10000, readTimeoutMS=10000, receiveBufferSize=0, proxySettings=ProxySettings{host=null, port=null, username=null, password=null}}, connectionPoolSettings=ConnectionPoolSettings{maxSize=100, minSize=0, maxWaitTimeMS=120000, maxConnectionLifeTimeMS=0, maxConnectionIdleTimeMS=0, maintenanceInitialDelayMS=0, maintenanceFrequencyMS=60000, connectionPoolListeners=[], maxConnecting=2}, serverSettings=ServerSettings{heartbeatFrequencyMS=10000, minHeartbeatFrequencyMS=500, serverMonitoringMode=AUTO, serverListeners='[]', serverMonitorListeners='[]'}, sslSettings=SslSettings{enabled=true, invalidHostNameAllowed=false, context=null}, applicationName='null', compressorList=[], uuidRepresentation=JAVA_LEGACY, serverApi=null, autoEncryptionSettings=null, dnsClient=null, inetAddressResolver=null, contextProvider=null, timeoutMS=null}
2025-12-08T17:11:13.002+05:30  INFO 57781 --- [mail-service] [jbv.mongodb.net] org.mongodb.driver.cluster               : Adding discovered server ac-bi9capp-shard-00-00.uziojbv.mongodb.net:27017 to client view of cluster
2025-12-08T17:11:13.018+05:30  INFO 57781 --- [mail-service] [jbv.mongodb.net] org.mongodb.driver.cluster               : Adding discovered server ac-bi9capp-shard-00-01.uziojbv.mongodb.net:27017 to client view of cluster
2025-12-08T17:11:13.019+05:30  INFO 57781 --- [mail-service] [jbv.mongodb.net] org.mongodb.driver.cluster               : Adding discovered server ac-bi9capp-shard-00-02.uziojbv.mongodb.net:27017 to client view of cluster
2025-12-08T17:11:13.395+05:30  INFO 57781 --- [mail-service] [  restartedMain] o.s.b.w.embedded.tomcat.TomcatWebServer  : Tomcat started on port 8086 (http) with context path '/'
2025-12-08T17:11:13.419+05:30  INFO 57781 --- [mail-service] [  restartedMain] o.a.k.clients.consumer.ConsumerConfig    : ConsumerConfig values: 
	allow.auto.create.topics = true
	auto.commit.interval.ms = 5000
	auto.include.jmx.reporter = true
	auto.offset.reset = latest
	bootstrap.servers = [localhost:9092]
	check.crcs = true
	client.dns.lookup = use_all_dns_ips
	client.id = consumer-mail-service-group-1
	client.rack = 
	connections.max.idle.ms = 540000
	default.api.timeout.ms = 60000
	enable.auto.commit = false
	enable.metrics.push = true
	exclude.internal.topics = true
	fetch.max.bytes = 20971520
	fetch.max.wait.ms = 500
	fetch.min.bytes = 1
	group.id = mail-service-group
	group.instance.id = null
	group.protocol = classic
	group.remote.assignor = null
	heartbeat.interval.ms = 3000
	interceptor.classes = []
	internal.leave.group.on.close = true
	internal.throw.on.fetch.stable.offset.unsupported = false
	isolation.level = read_uncommitted
	key.deserializer = class org.apache.kafka.common.serialization.StringDeserializer
	max.partition.fetch.bytes = 20971520
	max.poll.interval.ms = 300000
	max.poll.records = 500
	metadata.max.age.ms = 300000
	metadata.recovery.strategy = none
	metric.reporters = []
	metrics.num.samples = 2
	metrics.recording.level = INFO
	metrics.sample.window.ms = 30000
	partition.assignment.strategy = [class org.apache.kafka.clients.consumer.RangeAssignor, class org.apache.kafka.clients.consumer.CooperativeStickyAssignor]
	receive.buffer.bytes = 65536
	reconnect.backoff.max.ms = 1000
	reconnect.backoff.ms = 50
	request.timeout.ms = 30000
	retry.backoff.max.ms = 1000
	retry.backoff.ms = 100
	sasl.client.callback.handler.class = null
	sasl.jaas.config = null
	sasl.kerberos.kinit.cmd = /usr/bin/kinit
	sasl.kerberos.min.time.before.relogin = 60000
	sasl.kerberos.service.name = null
	sasl.kerberos.ticket.renew.jitter = 0.05
	sasl.kerberos.ticket.renew.window.factor = 0.8
	sasl.login.callback.handler.class = null
	sasl.login.class = null
	sasl.login.connect.timeout.ms = null
	sasl.login.read.timeout.ms = null
	sasl.login.refresh.buffer.seconds = 300
	sasl.login.refresh.min.period.seconds = 60
	sasl.login.refresh.window.factor = 0.8
	sasl.login.refresh.window.jitter = 0.05
	sasl.login.retry.backoff.max.ms = 10000
	sasl.login.retry.backoff.ms = 100
	sasl.mechanism = GSSAPI
	sasl.oauthbearer.clock.skew.seconds = 30
	sasl.oauthbearer.expected.audience = null
	sasl.oauthbearer.expected.issuer = null
	sasl.oauthbearer.header.urlencode = false
	sasl.oauthbearer.jwks.endpoint.refresh.ms = 3600000
	sasl.oauthbearer.jwks.endpoint.retry.backoff.max.ms = 10000
	sasl.oauthbearer.jwks.endpoint.retry.backoff.ms = 100
	sasl.oauthbearer.jwks.endpoint.url = null
	sasl.oauthbearer.scope.claim.name = scope
	sasl.oauthbearer.sub.claim.name = sub
	sasl.oauthbearer.token.endpoint.url = null
	security.protocol = PLAINTEXT
	security.providers = null
	send.buffer.bytes = 131072
	session.timeout.ms = 45000
	socket.connection.setup.timeout.max.ms = 30000
	socket.connection.setup.timeout.ms = 10000
	ssl.cipher.suites = null
	ssl.enabled.protocols = [TLSv1.2, TLSv1.3]
	ssl.endpoint.identification.algorithm = https
	ssl.engine.factory.class = null
	ssl.key.password = null
	ssl.keymanager.algorithm = SunX509
	ssl.keystore.certificate.chain = null
	ssl.keystore.key = null
	ssl.keystore.location = null
	ssl.keystore.password = null
	ssl.keystore.type = JKS
	ssl.protocol = TLSv1.3
	ssl.provider = null
	ssl.secure.random.implementation = null
	ssl.trustmanager.algorithm = PKIX
	ssl.truststore.certificates = null
	ssl.truststore.location = null
	ssl.truststore.password = null
	ssl.truststore.type = JKS
	value.deserializer = class org.springframework.kafka.support.serializer.JsonDeserializer

2025-12-08T17:11:13.446+05:30  INFO 57781 --- [mail-service] [  restartedMain] o.a.k.c.t.i.KafkaMetricsCollector        : initializing Kafka metrics collector
2025-12-08T17:11:13.466+05:30  INFO 57781 --- [mail-service] [ngodb.net:27017] org.mongodb.driver.cluster               : Monitor thread successfully connected to server with description ServerDescription{address=ac-bi9capp-shard-00-00.uziojbv.mongodb.net:27017, type=REPLICA_SET_SECONDARY, cryptd=false, state=CONNECTED, ok=true, minWireVersion=0, maxWireVersion=25, maxDocumentSize=16777216, logicalSessionTimeoutMinutes=30, roundTripTimeNanos=232823542, minRoundTripTimeNanos=0, setName='atlas-ucrn9o-shard-0', canonicalAddress=ac-bi9capp-shard-00-00.uziojbv.mongodb.net:27017, hosts=[ac-bi9capp-shard-00-01.uziojbv.mongodb.net:27017, ac-bi9capp-shard-00-02.uziojbv.mongodb.net:27017, ac-bi9capp-shard-00-00.uziojbv.mongodb.net:27017], passives=[], arbiters=[], primary='ac-bi9capp-shard-00-01.uziojbv.mongodb.net:27017', tagSet=TagSet{[Tag{name='availabilityZone', value='aps1-az1'}, Tag{name='diskState', value='READY'}, Tag{name='nodeType', value='ELECTABLE'}, Tag{name='provider', value='AWS'}, Tag{name='region', value='AP_SOUTH_1'}, Tag{name='workloadType', value='OPERATIONAL'}]}, electionId=null, setVersion=273, topologyVersion=TopologyVersion{processId=691cb1e721397969e83851e7, counter=4}, lastWriteDate=Mon Dec 08 17:11:13 IST 2025, lastUpdateTimeNanos=2424153719405750}
2025-12-08T17:11:13.466+05:30  INFO 57781 --- [mail-service] [ngodb.net:27017] org.mongodb.driver.cluster               : Monitor thread successfully connected to server with description ServerDescription{address=ac-bi9capp-shard-00-01.uziojbv.mongodb.net:27017, type=REPLICA_SET_PRIMARY, cryptd=false, state=CONNECTED, ok=true, minWireVersion=0, maxWireVersion=25, maxDocumentSize=16777216, logicalSessionTimeoutMinutes=30, roundTripTimeNanos=207599500, minRoundTripTimeNanos=0, setName='atlas-ucrn9o-shard-0', canonicalAddress=ac-bi9capp-shard-00-01.uziojbv.mongodb.net:27017, hosts=[ac-bi9capp-shard-00-01.uziojbv.mongodb.net:27017, ac-bi9capp-shard-00-02.uziojbv.mongodb.net:27017, ac-bi9capp-shard-00-00.uziojbv.mongodb.net:27017], passives=[], arbiters=[], primary='ac-bi9capp-shard-00-01.uziojbv.mongodb.net:27017', tagSet=TagSet{[Tag{name='availabilityZone', value='aps1-az3'}, Tag{name='diskState', value='READY'}, Tag{name='nodeType', value='ELECTABLE'}, Tag{name='provider', value='AWS'}, Tag{name='region', value='AP_SOUTH_1'}, Tag{name='workloadType', value='OPERATIONAL'}]}, electionId=7fffffff00000000000001b6, setVersion=273, topologyVersion=TopologyVersion{processId=691cb45322c16c3e98f44761, counter=6}, lastWriteDate=Mon Dec 08 17:11:13 IST 2025, lastUpdateTimeNanos=2424153719400708}
2025-12-08T17:11:13.466+05:30  INFO 57781 --- [mail-service] [ngodb.net:27017] org.mongodb.driver.cluster               : Monitor thread successfully connected to server with description ServerDescription{address=ac-bi9capp-shard-00-02.uziojbv.mongodb.net:27017, type=REPLICA_SET_SECONDARY, cryptd=false, state=CONNECTED, ok=true, minWireVersion=0, maxWireVersion=25, maxDocumentSize=16777216, logicalSessionTimeoutMinutes=30, roundTripTimeNanos=173007000, minRoundTripTimeNanos=0, setName='atlas-ucrn9o-shard-0', canonicalAddress=ac-bi9capp-shard-00-02.uziojbv.mongodb.net:27017, hosts=[ac-bi9capp-shard-00-01.uziojbv.mongodb.net:27017, ac-bi9capp-shard-00-02.uziojbv.mongodb.net:27017, ac-bi9capp-shard-00-00.uziojbv.mongodb.net:27017], passives=[], arbiters=[], primary='ac-bi9capp-shard-00-01.uziojbv.mongodb.net:27017', tagSet=TagSet{[Tag{name='availabilityZone', value='aps1-az2'}, Tag{name='diskState', value='READY'}, Tag{name='nodeType', value='ELECTABLE'}, Tag{name='provider', value='AWS'}, Tag{name='region', value='AP_SOUTH_1'}, Tag{name='workloadType', value='OPERATIONAL'}]}, electionId=null, setVersion=273, topologyVersion=TopologyVersion{processId=691cb72d909b75ec212f555d, counter=3}, lastWriteDate=Mon Dec 08 17:11:13 IST 2025, lastUpdateTimeNanos=2424153719400708}
2025-12-08T17:11:13.468+05:30  INFO 57781 --- [mail-service] [ngodb.net:27017] org.mongodb.driver.cluster               : Discovered replica set primary ac-bi9capp-shard-00-01.uziojbv.mongodb.net:27017 with max election id 7fffffff00000000000001b6 and max set version 273
2025-12-08T17:11:13.537+05:30  INFO 57781 --- [mail-service] [  restartedMain] o.a.kafka.common.utils.AppInfoParser     : Kafka version: 3.9.1
2025-12-08T17:11:13.538+05:30  INFO 57781 --- [mail-service] [  restartedMain] o.a.kafka.common.utils.AppInfoParser     : Kafka commitId: f745dfdcee2b9851
2025-12-08T17:11:13.538+05:30  INFO 57781 --- [mail-service] [  restartedMain] o.a.kafka.common.utils.AppInfoParser     : Kafka startTimeMs: 1765194073537
2025-12-08T17:11:13.540+05:30  INFO 57781 --- [mail-service] [  restartedMain] o.a.k.c.c.i.ClassicKafkaConsumer         : [Consumer clientId=consumer-mail-service-group-1, groupId=mail-service-group] Subscribed to topic(s): customer
2025-12-08T17:11:13.545+05:30  INFO 57781 --- [mail-service] [  restartedMain] o.a.k.clients.consumer.ConsumerConfig    : ConsumerConfig values: 
	allow.auto.create.topics = true
	auto.commit.interval.ms = 5000
	auto.include.jmx.reporter = true
	auto.offset.reset = latest
	bootstrap.servers = [localhost:9092]
	check.crcs = true
	client.dns.lookup = use_all_dns_ips
	client.id = consumer-mail-service-group-2
	client.rack = 
	connections.max.idle.ms = 540000
	default.api.timeout.ms = 60000
	enable.auto.commit = false
	enable.metrics.push = true
	exclude.internal.topics = true
	fetch.max.bytes = 20971520
	fetch.max.wait.ms = 500
	fetch.min.bytes = 1
	group.id = mail-service-group
	group.instance.id = null
	group.protocol = classic
	group.remote.assignor = null
	heartbeat.interval.ms = 3000
	interceptor.classes = []
	internal.leave.group.on.close = true
	internal.throw.on.fetch.stable.offset.unsupported = false
	isolation.level = read_uncommitted
	key.deserializer = class org.apache.kafka.common.serialization.StringDeserializer
	max.partition.fetch.bytes = 20971520
	max.poll.interval.ms = 300000
	max.poll.records = 500
	metadata.max.age.ms = 300000
	metadata.recovery.strategy = none
	metric.reporters = []
	metrics.num.samples = 2
	metrics.recording.level = INFO
	metrics.sample.window.ms = 30000
	partition.assignment.strategy = [class org.apache.kafka.clients.consumer.RangeAssignor, class org.apache.kafka.clients.consumer.CooperativeStickyAssignor]
	receive.buffer.bytes = 65536
	reconnect.backoff.max.ms = 1000
	reconnect.backoff.ms = 50
	request.timeout.ms = 30000
	retry.backoff.max.ms = 1000
	retry.backoff.ms = 100
	sasl.client.callback.handler.class = null
	sasl.jaas.config = null
	sasl.kerberos.kinit.cmd = /usr/bin/kinit
	sasl.kerberos.min.time.before.relogin = 60000
	sasl.kerberos.service.name = null
	sasl.kerberos.ticket.renew.jitter = 0.05
	sasl.kerberos.ticket.renew.window.factor = 0.8
	sasl.login.callback.handler.class = null
	sasl.login.class = null
	sasl.login.connect.timeout.ms = null
	sasl.login.read.timeout.ms = null
	sasl.login.refresh.buffer.seconds = 300
	sasl.login.refresh.min.period.seconds = 60
	sasl.login.refresh.window.factor = 0.8
	sasl.login.refresh.window.jitter = 0.05
	sasl.login.retry.backoff.max.ms = 10000
	sasl.login.retry.backoff.ms = 100
	sasl.mechanism = GSSAPI
	sasl.oauthbearer.clock.skew.seconds = 30
	sasl.oauthbearer.expected.audience = null
	sasl.oauthbearer.expected.issuer = null
	sasl.oauthbearer.header.urlencode = false
	sasl.oauthbearer.jwks.endpoint.refresh.ms = 3600000
	sasl.oauthbearer.jwks.endpoint.retry.backoff.max.ms = 10000
	sasl.oauthbearer.jwks.endpoint.retry.backoff.ms = 100
	sasl.oauthbearer.jwks.endpoint.url = null
	sasl.oauthbearer.scope.claim.name = scope
	sasl.oauthbearer.sub.claim.name = sub
	sasl.oauthbearer.token.endpoint.url = null
	security.protocol = PLAINTEXT
	security.providers = null
	send.buffer.bytes = 131072
	session.timeout.ms = 45000
	socket.connection.setup.timeout.max.ms = 30000
	socket.connection.setup.timeout.ms = 10000
	ssl.cipher.suites = null
	ssl.enabled.protocols = [TLSv1.2, TLSv1.3]
	ssl.endpoint.identification.algorithm = https
	ssl.engine.factory.class = null
	ssl.key.password = null
	ssl.keymanager.algorithm = SunX509
	ssl.keystore.certificate.chain = null
	ssl.keystore.key = null
	ssl.keystore.location = null
	ssl.keystore.password = null
	ssl.keystore.type = JKS
	ssl.protocol = TLSv1.3
	ssl.provider = null
	ssl.secure.random.implementation = null
	ssl.trustmanager.algorithm = PKIX
	ssl.truststore.certificates = null
	ssl.truststore.location = null
	ssl.truststore.password = null
	ssl.truststore.type = JKS
	value.deserializer = class org.springframework.kafka.support.serializer.JsonDeserializer

2025-12-08T17:11:13.545+05:30  INFO 57781 --- [mail-service] [  restartedMain] o.a.k.c.t.i.KafkaMetricsCollector        : initializing Kafka metrics collector
2025-12-08T17:11:13.549+05:30  INFO 57781 --- [mail-service] [  restartedMain] o.a.kafka.common.utils.AppInfoParser     : Kafka version: 3.9.1
2025-12-08T17:11:13.549+05:30  INFO 57781 --- [mail-service] [  restartedMain] o.a.kafka.common.utils.AppInfoParser     : Kafka commitId: f745dfdcee2b9851
2025-12-08T17:11:13.549+05:30  INFO 57781 --- [mail-service] [  restartedMain] o.a.kafka.common.utils.AppInfoParser     : Kafka startTimeMs: 1765194073549
2025-12-08T17:11:13.549+05:30  INFO 57781 --- [mail-service] [  restartedMain] o.a.k.c.c.i.ClassicKafkaConsumer         : [Consumer clientId=consumer-mail-service-group-2, groupId=mail-service-group] Subscribed to topic(s): invoice
2025-12-08T17:11:13.550+05:30  INFO 57781 --- [mail-service] [  restartedMain] o.a.k.clients.consumer.ConsumerConfig    : ConsumerConfig values: 
	allow.auto.create.topics = true
	auto.commit.interval.ms = 5000
	auto.include.jmx.reporter = true
	auto.offset.reset = latest
	bootstrap.servers = [localhost:9092]
	check.crcs = true
	client.dns.lookup = use_all_dns_ips
	client.id = consumer-mail-service-group-3
	client.rack = 
	connections.max.idle.ms = 540000
	default.api.timeout.ms = 60000
	enable.auto.commit = false
	enable.metrics.push = true
	exclude.internal.topics = true
	fetch.max.bytes = 20971520
	fetch.max.wait.ms = 500
	fetch.min.bytes = 1
	group.id = mail-service-group
	group.instance.id = null
	group.protocol = classic
	group.remote.assignor = null
	heartbeat.interval.ms = 3000
	interceptor.classes = []
	internal.leave.group.on.close = true
	internal.throw.on.fetch.stable.offset.unsupported = false
	isolation.level = read_uncommitted
	key.deserializer = class org.apache.kafka.common.serialization.StringDeserializer
	max.partition.fetch.bytes = 20971520
	max.poll.interval.ms = 300000
	max.poll.records = 500
	metadata.max.age.ms = 300000
	metadata.recovery.strategy = none
	metric.reporters = []
	metrics.num.samples = 2
	metrics.recording.level = INFO
	metrics.sample.window.ms = 30000
	partition.assignment.strategy = [class org.apache.kafka.clients.consumer.RangeAssignor, class org.apache.kafka.clients.consumer.CooperativeStickyAssignor]
	receive.buffer.bytes = 65536
	reconnect.backoff.max.ms = 1000
	reconnect.backoff.ms = 50
	request.timeout.ms = 30000
	retry.backoff.max.ms = 1000
	retry.backoff.ms = 100
	sasl.client.callback.handler.class = null
	sasl.jaas.config = null
	sasl.kerberos.kinit.cmd = /usr/bin/kinit
	sasl.kerberos.min.time.before.relogin = 60000
	sasl.kerberos.service.name = null
	sasl.kerberos.ticket.renew.jitter = 0.05
	sasl.kerberos.ticket.renew.window.factor = 0.8
	sasl.login.callback.handler.class = null
	sasl.login.class = null
	sasl.login.connect.timeout.ms = null
	sasl.login.read.timeout.ms = null
	sasl.login.refresh.buffer.seconds = 300
	sasl.login.refresh.min.period.seconds = 60
	sasl.login.refresh.window.factor = 0.8
	sasl.login.refresh.window.jitter = 0.05
	sasl.login.retry.backoff.max.ms = 10000
	sasl.login.retry.backoff.ms = 100
	sasl.mechanism = GSSAPI
	sasl.oauthbearer.clock.skew.seconds = 30
	sasl.oauthbearer.expected.audience = null
	sasl.oauthbearer.expected.issuer = null
	sasl.oauthbearer.header.urlencode = false
	sasl.oauthbearer.jwks.endpoint.refresh.ms = 3600000
	sasl.oauthbearer.jwks.endpoint.retry.backoff.max.ms = 10000
	sasl.oauthbearer.jwks.endpoint.retry.backoff.ms = 100
	sasl.oauthbearer.jwks.endpoint.url = null
	sasl.oauthbearer.scope.claim.name = scope
	sasl.oauthbearer.sub.claim.name = sub
	sasl.oauthbearer.token.endpoint.url = null
	security.protocol = PLAINTEXT
	security.providers = null
	send.buffer.bytes = 131072
	session.timeout.ms = 45000
	socket.connection.setup.timeout.max.ms = 30000
	socket.connection.setup.timeout.ms = 10000
	ssl.cipher.suites = null
	ssl.enabled.protocols = [TLSv1.2, TLSv1.3]
	ssl.endpoint.identification.algorithm = https
	ssl.engine.factory.class = null
	ssl.key.password = null
	ssl.keymanager.algorithm = SunX509
	ssl.keystore.certificate.chain = null
	ssl.keystore.key = null
	ssl.keystore.location = null
	ssl.keystore.password = null
	ssl.keystore.type = JKS
	ssl.protocol = TLSv1.3
	ssl.provider = null
	ssl.secure.random.implementation = null
	ssl.trustmanager.algorithm = PKIX
	ssl.truststore.certificates = null
	ssl.truststore.location = null
	ssl.truststore.password = null
	ssl.truststore.type = JKS
	value.deserializer = class org.springframework.kafka.support.serializer.JsonDeserializer

2025-12-08T17:11:13.550+05:30  INFO 57781 --- [mail-service] [  restartedMain] o.a.k.c.t.i.KafkaMetricsCollector        : initializing Kafka metrics collector
2025-12-08T17:11:13.554+05:30  INFO 57781 --- [mail-service] [  restartedMain] o.a.kafka.common.utils.AppInfoParser     : Kafka version: 3.9.1
2025-12-08T17:11:13.554+05:30  INFO 57781 --- [mail-service] [  restartedMain] o.a.kafka.common.utils.AppInfoParser     : Kafka commitId: f745dfdcee2b9851
2025-12-08T17:11:13.554+05:30  INFO 57781 --- [mail-service] [  restartedMain] o.a.kafka.common.utils.AppInfoParser     : Kafka startTimeMs: 1765194073554
2025-12-08T17:11:13.554+05:30  INFO 57781 --- [mail-service] [  restartedMain] o.a.k.c.c.i.ClassicKafkaConsumer         : [Consumer clientId=consumer-mail-service-group-3, groupId=mail-service-group] Subscribed to topic(s): ridernotify
2025-12-08T17:11:13.555+05:30  INFO 57781 --- [mail-service] [  restartedMain] o.a.k.clients.consumer.ConsumerConfig    : ConsumerConfig values: 
	allow.auto.create.topics = true
	auto.commit.interval.ms = 5000
	auto.include.jmx.reporter = true
	auto.offset.reset = latest
	bootstrap.servers = [localhost:9092]
	check.crcs = true
	client.dns.lookup = use_all_dns_ips
	client.id = consumer-mail-service-group-4
	client.rack = 
	connections.max.idle.ms = 540000
	default.api.timeout.ms = 60000
	enable.auto.commit = false
	enable.metrics.push = true
	exclude.internal.topics = true
	fetch.max.bytes = 20971520
	fetch.max.wait.ms = 500
	fetch.min.bytes = 1
	group.id = mail-service-group
	group.instance.id = null
	group.protocol = classic
	group.remote.assignor = null
	heartbeat.interval.ms = 3000
	interceptor.classes = []
	internal.leave.group.on.close = true
	internal.throw.on.fetch.stable.offset.unsupported = false
	isolation.level = read_uncommitted
	key.deserializer = class org.apache.kafka.common.serialization.StringDeserializer
	max.partition.fetch.bytes = 20971520
	max.poll.interval.ms = 300000
	max.poll.records = 500
	metadata.max.age.ms = 300000
	metadata.recovery.strategy = none
	metric.reporters = []
	metrics.num.samples = 2
	metrics.recording.level = INFO
	metrics.sample.window.ms = 30000
	partition.assignment.strategy = [class org.apache.kafka.clients.consumer.RangeAssignor, class org.apache.kafka.clients.consumer.CooperativeStickyAssignor]
	receive.buffer.bytes = 65536
	reconnect.backoff.max.ms = 1000
	reconnect.backoff.ms = 50
	request.timeout.ms = 30000
	retry.backoff.max.ms = 1000
	retry.backoff.ms = 100
	sasl.client.callback.handler.class = null
	sasl.jaas.config = null
	sasl.kerberos.kinit.cmd = /usr/bin/kinit
	sasl.kerberos.min.time.before.relogin = 60000
	sasl.kerberos.service.name = null
	sasl.kerberos.ticket.renew.jitter = 0.05
	sasl.kerberos.ticket.renew.window.factor = 0.8
	sasl.login.callback.handler.class = null
	sasl.login.class = null
	sasl.login.connect.timeout.ms = null
	sasl.login.read.timeout.ms = null
	sasl.login.refresh.buffer.seconds = 300
	sasl.login.refresh.min.period.seconds = 60
	sasl.login.refresh.window.factor = 0.8
	sasl.login.refresh.window.jitter = 0.05
	sasl.login.retry.backoff.max.ms = 10000
	sasl.login.retry.backoff.ms = 100
	sasl.mechanism = GSSAPI
	sasl.oauthbearer.clock.skew.seconds = 30
	sasl.oauthbearer.expected.audience = null
	sasl.oauthbearer.expected.issuer = null
	sasl.oauthbearer.header.urlencode = false
	sasl.oauthbearer.jwks.endpoint.refresh.ms = 3600000
	sasl.oauthbearer.jwks.endpoint.retry.backoff.max.ms = 10000
	sasl.oauthbearer.jwks.endpoint.retry.backoff.ms = 100
	sasl.oauthbearer.jwks.endpoint.url = null
	sasl.oauthbearer.scope.claim.name = scope
	sasl.oauthbearer.sub.claim.name = sub
	sasl.oauthbearer.token.endpoint.url = null
	security.protocol = PLAINTEXT
	security.providers = null
	send.buffer.bytes = 131072
	session.timeout.ms = 45000
	socket.connection.setup.timeout.max.ms = 30000
	socket.connection.setup.timeout.ms = 10000
	ssl.cipher.suites = null
	ssl.enabled.protocols = [TLSv1.2, TLSv1.3]
	ssl.endpoint.identification.algorithm = https
	ssl.engine.factory.class = null
	ssl.key.password = null
	ssl.keymanager.algorithm = SunX509
	ssl.keystore.certificate.chain = null
	ssl.keystore.key = null
	ssl.keystore.location = null
	ssl.keystore.password = null
	ssl.keystore.type = JKS
	ssl.protocol = TLSv1.3
	ssl.provider = null
	ssl.secure.random.implementation = null
	ssl.trustmanager.algorithm = PKIX
	ssl.truststore.certificates = null
	ssl.truststore.location = null
	ssl.truststore.password = null
	ssl.truststore.type = JKS
	value.deserializer = class org.springframework.kafka.support.serializer.JsonDeserializer

2025-12-08T17:11:13.555+05:30  INFO 57781 --- [mail-service] [  restartedMain] o.a.k.c.t.i.KafkaMetricsCollector        : initializing Kafka metrics collector
2025-12-08T17:11:13.558+05:30  INFO 57781 --- [mail-service] [  restartedMain] o.a.kafka.common.utils.AppInfoParser     : Kafka version: 3.9.1
2025-12-08T17:11:13.558+05:30  INFO 57781 --- [mail-service] [  restartedMain] o.a.kafka.common.utils.AppInfoParser     : Kafka commitId: f745dfdcee2b9851
2025-12-08T17:11:13.558+05:30  INFO 57781 --- [mail-service] [  restartedMain] o.a.kafka.common.utils.AppInfoParser     : Kafka startTimeMs: 1765194073558
2025-12-08T17:11:13.558+05:30  INFO 57781 --- [mail-service] [  restartedMain] o.a.k.c.c.i.ClassicKafkaConsumer         : [Consumer clientId=consumer-mail-service-group-4, groupId=mail-service-group] Subscribed to topic(s): restaurant
2025-12-08T17:11:13.562+05:30  INFO 57781 --- [mail-service] [  restartedMain] o.a.k.clients.consumer.ConsumerConfig    : ConsumerConfig values: 
	allow.auto.create.topics = true
	auto.commit.interval.ms = 5000
	auto.include.jmx.reporter = true
	auto.offset.reset = latest
	bootstrap.servers = [localhost:9092]
	check.crcs = true
	client.dns.lookup = use_all_dns_ips
	client.id = consumer-mail-service-group-5
	client.rack = 
	connections.max.idle.ms = 540000
	default.api.timeout.ms = 60000
	enable.auto.commit = false
	enable.metrics.push = true
	exclude.internal.topics = true
	fetch.max.bytes = 20971520
	fetch.max.wait.ms = 500
	fetch.min.bytes = 1
	group.id = mail-service-group
	group.instance.id = null
	group.protocol = classic
	group.remote.assignor = null
	heartbeat.interval.ms = 3000
	interceptor.classes = []
	internal.leave.group.on.close = true
	internal.throw.on.fetch.stable.offset.unsupported = false
	isolation.level = read_uncommitted
	key.deserializer = class org.apache.kafka.common.serialization.StringDeserializer
	max.partition.fetch.bytes = 20971520
	max.poll.interval.ms = 300000
	max.poll.records = 500
	metadata.max.age.ms = 300000
	metadata.recovery.strategy = none
	metric.reporters = []
	metrics.num.samples = 2
	metrics.recording.level = INFO
	metrics.sample.window.ms = 30000
	partition.assignment.strategy = [class org.apache.kafka.clients.consumer.RangeAssignor, class org.apache.kafka.clients.consumer.CooperativeStickyAssignor]
	receive.buffer.bytes = 65536
	reconnect.backoff.max.ms = 1000
	reconnect.backoff.ms = 50
	request.timeout.ms = 30000
	retry.backoff.max.ms = 1000
	retry.backoff.ms = 100
	sasl.client.callback.handler.class = null
	sasl.jaas.config = null
	sasl.kerberos.kinit.cmd = /usr/bin/kinit
	sasl.kerberos.min.time.before.relogin = 60000
	sasl.kerberos.service.name = null
	sasl.kerberos.ticket.renew.jitter = 0.05
	sasl.kerberos.ticket.renew.window.factor = 0.8
	sasl.login.callback.handler.class = null
	sasl.login.class = null
	sasl.login.connect.timeout.ms = null
	sasl.login.read.timeout.ms = null
	sasl.login.refresh.buffer.seconds = 300
	sasl.login.refresh.min.period.seconds = 60
	sasl.login.refresh.window.factor = 0.8
	sasl.login.refresh.window.jitter = 0.05
	sasl.login.retry.backoff.max.ms = 10000
	sasl.login.retry.backoff.ms = 100
	sasl.mechanism = GSSAPI
	sasl.oauthbearer.clock.skew.seconds = 30
	sasl.oauthbearer.expected.audience = null
	sasl.oauthbearer.expected.issuer = null
	sasl.oauthbearer.header.urlencode = false
	sasl.oauthbearer.jwks.endpoint.refresh.ms = 3600000
	sasl.oauthbearer.jwks.endpoint.retry.backoff.max.ms = 10000
	sasl.oauthbearer.jwks.endpoint.retry.backoff.ms = 100
	sasl.oauthbearer.jwks.endpoint.url = null
	sasl.oauthbearer.scope.claim.name = scope
	sasl.oauthbearer.sub.claim.name = sub
	sasl.oauthbearer.token.endpoint.url = null
	security.protocol = PLAINTEXT
	security.providers = null
	send.buffer.bytes = 131072
	session.timeout.ms = 45000
	socket.connection.setup.timeout.max.ms = 30000
	socket.connection.setup.timeout.ms = 10000
	ssl.cipher.suites = null
	ssl.enabled.protocols = [TLSv1.2, TLSv1.3]
	ssl.endpoint.identification.algorithm = https
	ssl.engine.factory.class = null
	ssl.key.password = null
	ssl.keymanager.algorithm = SunX509
	ssl.keystore.certificate.chain = null
	ssl.keystore.key = null
	ssl.keystore.location = null
	ssl.keystore.password = null
	ssl.keystore.type = JKS
	ssl.protocol = TLSv1.3
	ssl.provider = null
	ssl.secure.random.implementation = null
	ssl.trustmanager.algorithm = PKIX
	ssl.truststore.certificates = null
	ssl.truststore.location = null
	ssl.truststore.password = null
	ssl.truststore.type = JKS
	value.deserializer = class org.springframework.kafka.support.serializer.JsonDeserializer

2025-12-08T17:11:13.562+05:30  INFO 57781 --- [mail-service] [  restartedMain] o.a.k.c.t.i.KafkaMetricsCollector        : initializing Kafka metrics collector
2025-12-08T17:11:13.565+05:30  INFO 57781 --- [mail-service] [  restartedMain] o.a.kafka.common.utils.AppInfoParser     : Kafka version: 3.9.1
2025-12-08T17:11:13.565+05:30  INFO 57781 --- [mail-service] [  restartedMain] o.a.kafka.common.utils.AppInfoParser     : Kafka commitId: f745dfdcee2b9851
2025-12-08T17:11:13.565+05:30  INFO 57781 --- [mail-service] [  restartedMain] o.a.kafka.common.utils.AppInfoParser     : Kafka startTimeMs: 1765194073565
2025-12-08T17:11:13.565+05:30  INFO 57781 --- [mail-service] [  restartedMain] o.a.k.c.c.i.ClassicKafkaConsumer         : [Consumer clientId=consumer-mail-service-group-5, groupId=mail-service-group] Subscribed to topic(s): rider
2025-12-08T17:11:13.566+05:30  INFO 57781 --- [mail-service] [  restartedMain] o.a.k.clients.consumer.ConsumerConfig    : ConsumerConfig values: 
	allow.auto.create.topics = true
	auto.commit.interval.ms = 5000
	auto.include.jmx.reporter = true
	auto.offset.reset = latest
	bootstrap.servers = [localhost:9092]
	check.crcs = true
	client.dns.lookup = use_all_dns_ips
	client.id = consumer-mail-service-group-6
	client.rack = 
	connections.max.idle.ms = 540000
	default.api.timeout.ms = 60000
	enable.auto.commit = false
	enable.metrics.push = true
	exclude.internal.topics = true
	fetch.max.bytes = 20971520
	fetch.max.wait.ms = 500
	fetch.min.bytes = 1
	group.id = mail-service-group
	group.instance.id = null
	group.protocol = classic
	group.remote.assignor = null
	heartbeat.interval.ms = 3000
	interceptor.classes = []
	internal.leave.group.on.close = true
	internal.throw.on.fetch.stable.offset.unsupported = false
	isolation.level = read_uncommitted
	key.deserializer = class org.apache.kafka.common.serialization.StringDeserializer
	max.partition.fetch.bytes = 20971520
	max.poll.interval.ms = 300000
	max.poll.records = 500
	metadata.max.age.ms = 300000
	metadata.recovery.strategy = none
	metric.reporters = []
	metrics.num.samples = 2
	metrics.recording.level = INFO
	metrics.sample.window.ms = 30000
	partition.assignment.strategy = [class org.apache.kafka.clients.consumer.RangeAssignor, class org.apache.kafka.clients.consumer.CooperativeStickyAssignor]
	receive.buffer.bytes = 65536
	reconnect.backoff.max.ms = 1000
	reconnect.backoff.ms = 50
	request.timeout.ms = 30000
	retry.backoff.max.ms = 1000
	retry.backoff.ms = 100
	sasl.client.callback.handler.class = null
	sasl.jaas.config = null
	sasl.kerberos.kinit.cmd = /usr/bin/kinit
	sasl.kerberos.min.time.before.relogin = 60000
	sasl.kerberos.service.name = null
	sasl.kerberos.ticket.renew.jitter = 0.05
	sasl.kerberos.ticket.renew.window.factor = 0.8
	sasl.login.callback.handler.class = null
	sasl.login.class = null
	sasl.login.connect.timeout.ms = null
	sasl.login.read.timeout.ms = null
	sasl.login.refresh.buffer.seconds = 300
	sasl.login.refresh.min.period.seconds = 60
	sasl.login.refresh.window.factor = 0.8
	sasl.login.refresh.window.jitter = 0.05
	sasl.login.retry.backoff.max.ms = 10000
	sasl.login.retry.backoff.ms = 100
	sasl.mechanism = GSSAPI
	sasl.oauthbearer.clock.skew.seconds = 30
	sasl.oauthbearer.expected.audience = null
	sasl.oauthbearer.expected.issuer = null
	sasl.oauthbearer.header.urlencode = false
	sasl.oauthbearer.jwks.endpoint.refresh.ms = 3600000
	sasl.oauthbearer.jwks.endpoint.retry.backoff.max.ms = 10000
	sasl.oauthbearer.jwks.endpoint.retry.backoff.ms = 100
	sasl.oauthbearer.jwks.endpoint.url = null
	sasl.oauthbearer.scope.claim.name = scope
	sasl.oauthbearer.sub.claim.name = sub
	sasl.oauthbearer.token.endpoint.url = null
	security.protocol = PLAINTEXT
	security.providers = null
	send.buffer.bytes = 131072
	session.timeout.ms = 45000
	socket.connection.setup.timeout.max.ms = 30000
	socket.connection.setup.timeout.ms = 10000
	ssl.cipher.suites = null
	ssl.enabled.protocols = [TLSv1.2, TLSv1.3]
	ssl.endpoint.identification.algorithm = https
	ssl.engine.factory.class = null
	ssl.key.password = null
	ssl.keymanager.algorithm = SunX509
	ssl.keystore.certificate.chain = null
	ssl.keystore.key = null
	ssl.keystore.location = null
	ssl.keystore.password = null
	ssl.keystore.type = JKS
	ssl.protocol = TLSv1.3
	ssl.provider = null
	ssl.secure.random.implementation = null
	ssl.trustmanager.algorithm = PKIX
	ssl.truststore.certificates = null
	ssl.truststore.location = null
	ssl.truststore.password = null
	ssl.truststore.type = JKS
	value.deserializer = class org.springframework.kafka.support.serializer.JsonDeserializer

2025-12-08T17:11:13.566+05:30  INFO 57781 --- [mail-service] [  restartedMain] o.a.k.c.t.i.KafkaMetricsCollector        : initializing Kafka metrics collector
2025-12-08T17:11:13.568+05:30  INFO 57781 --- [mail-service] [  restartedMain] o.a.kafka.common.utils.AppInfoParser     : Kafka version: 3.9.1
2025-12-08T17:11:13.569+05:30  INFO 57781 --- [mail-service] [  restartedMain] o.a.kafka.common.utils.AppInfoParser     : Kafka commitId: f745dfdcee2b9851
2025-12-08T17:11:13.569+05:30  INFO 57781 --- [mail-service] [  restartedMain] o.a.kafka.common.utils.AppInfoParser     : Kafka startTimeMs: 1765194073568
2025-12-08T17:11:13.569+05:30  INFO 57781 --- [mail-service] [  restartedMain] o.a.k.c.c.i.ClassicKafkaConsumer         : [Consumer clientId=consumer-mail-service-group-6, groupId=mail-service-group] Subscribed to topic(s): delivery
2025-12-08T17:11:13.569+05:30  INFO 57781 --- [mail-service] [  restartedMain] o.a.k.clients.consumer.ConsumerConfig    : ConsumerConfig values: 
	allow.auto.create.topics = true
	auto.commit.interval.ms = 5000
	auto.include.jmx.reporter = true
	auto.offset.reset = latest
	bootstrap.servers = [localhost:9092]
	check.crcs = true
	client.dns.lookup = use_all_dns_ips
	client.id = consumer-mail-service-group-7
	client.rack = 
	connections.max.idle.ms = 540000
	default.api.timeout.ms = 60000
	enable.auto.commit = false
	enable.metrics.push = true
	exclude.internal.topics = true
	fetch.max.bytes = 20971520
	fetch.max.wait.ms = 500
	fetch.min.bytes = 1
	group.id = mail-service-group
	group.instance.id = null
	group.protocol = classic
	group.remote.assignor = null
	heartbeat.interval.ms = 3000
	interceptor.classes = []
	internal.leave.group.on.close = true
	internal.throw.on.fetch.stable.offset.unsupported = false
	isolation.level = read_uncommitted
	key.deserializer = class org.apache.kafka.common.serialization.StringDeserializer
	max.partition.fetch.bytes = 20971520
	max.poll.interval.ms = 300000
	max.poll.records = 500
	metadata.max.age.ms = 300000
	metadata.recovery.strategy = none
	metric.reporters = []
	metrics.num.samples = 2
	metrics.recording.level = INFO
	metrics.sample.window.ms = 30000
	partition.assignment.strategy = [class org.apache.kafka.clients.consumer.RangeAssignor, class org.apache.kafka.clients.consumer.CooperativeStickyAssignor]
	receive.buffer.bytes = 65536
	reconnect.backoff.max.ms = 1000
	reconnect.backoff.ms = 50
	request.timeout.ms = 30000
	retry.backoff.max.ms = 1000
	retry.backoff.ms = 100
	sasl.client.callback.handler.class = null
	sasl.jaas.config = null
	sasl.kerberos.kinit.cmd = /usr/bin/kinit
	sasl.kerberos.min.time.before.relogin = 60000
	sasl.kerberos.service.name = null
	sasl.kerberos.ticket.renew.jitter = 0.05
	sasl.kerberos.ticket.renew.window.factor = 0.8
	sasl.login.callback.handler.class = null
	sasl.login.class = null
	sasl.login.connect.timeout.ms = null
	sasl.login.read.timeout.ms = null
	sasl.login.refresh.buffer.seconds = 300
	sasl.login.refresh.min.period.seconds = 60
	sasl.login.refresh.window.factor = 0.8
	sasl.login.refresh.window.jitter = 0.05
	sasl.login.retry.backoff.max.ms = 10000
	sasl.login.retry.backoff.ms = 100
	sasl.mechanism = GSSAPI
	sasl.oauthbearer.clock.skew.seconds = 30
	sasl.oauthbearer.expected.audience = null
	sasl.oauthbearer.expected.issuer = null
	sasl.oauthbearer.header.urlencode = false
	sasl.oauthbearer.jwks.endpoint.refresh.ms = 3600000
	sasl.oauthbearer.jwks.endpoint.retry.backoff.max.ms = 10000
	sasl.oauthbearer.jwks.endpoint.retry.backoff.ms = 100
	sasl.oauthbearer.jwks.endpoint.url = null
	sasl.oauthbearer.scope.claim.name = scope
	sasl.oauthbearer.sub.claim.name = sub
	sasl.oauthbearer.token.endpoint.url = null
	security.protocol = PLAINTEXT
	security.providers = null
	send.buffer.bytes = 131072
	session.timeout.ms = 45000
	socket.connection.setup.timeout.max.ms = 30000
	socket.connection.setup.timeout.ms = 10000
	ssl.cipher.suites = null
	ssl.enabled.protocols = [TLSv1.2, TLSv1.3]
	ssl.endpoint.identification.algorithm = https
	ssl.engine.factory.class = null
	ssl.key.password = null
	ssl.keymanager.algorithm = SunX509
	ssl.keystore.certificate.chain = null
	ssl.keystore.key = null
	ssl.keystore.location = null
	ssl.keystore.password = null
	ssl.keystore.type = JKS
	ssl.protocol = TLSv1.3
	ssl.provider = null
	ssl.secure.random.implementation = null
	ssl.trustmanager.algorithm = PKIX
	ssl.truststore.certificates = null
	ssl.truststore.location = null
	ssl.truststore.password = null
	ssl.truststore.type = JKS
	value.deserializer = class org.springframework.kafka.support.serializer.JsonDeserializer

2025-12-08T17:11:13.570+05:30  INFO 57781 --- [mail-service] [  restartedMain] o.a.k.c.t.i.KafkaMetricsCollector        : initializing Kafka metrics collector
2025-12-08T17:11:13.572+05:30  INFO 57781 --- [mail-service] [  restartedMain] o.a.kafka.common.utils.AppInfoParser     : Kafka version: 3.9.1
2025-12-08T17:11:13.572+05:30  INFO 57781 --- [mail-service] [  restartedMain] o.a.kafka.common.utils.AppInfoParser     : Kafka commitId: f745dfdcee2b9851
2025-12-08T17:11:13.572+05:30  INFO 57781 --- [mail-service] [  restartedMain] o.a.kafka.common.utils.AppInfoParser     : Kafka startTimeMs: 1765194073572
2025-12-08T17:11:13.572+05:30  INFO 57781 --- [mail-service] [  restartedMain] o.a.k.c.c.i.ClassicKafkaConsumer         : [Consumer clientId=consumer-mail-service-group-7, groupId=mail-service-group] Subscribed to topic(s): passwordChange
2025-12-08T17:11:13.573+05:30  INFO 57781 --- [mail-service] [  restartedMain] o.a.k.clients.consumer.ConsumerConfig    : ConsumerConfig values: 
	allow.auto.create.topics = true
	auto.commit.interval.ms = 5000
	auto.include.jmx.reporter = true
	auto.offset.reset = latest
	bootstrap.servers = [localhost:9092]
	check.crcs = true
	client.dns.lookup = use_all_dns_ips
	client.id = consumer-mail-service-group-8
	client.rack = 
	connections.max.idle.ms = 540000
	default.api.timeout.ms = 60000
	enable.auto.commit = false
	enable.metrics.push = true
	exclude.internal.topics = true
	fetch.max.bytes = 20971520
	fetch.max.wait.ms = 500
	fetch.min.bytes = 1
	group.id = mail-service-group
	group.instance.id = null
	group.protocol = classic
	group.remote.assignor = null
	heartbeat.interval.ms = 3000
	interceptor.classes = []
	internal.leave.group.on.close = true
	internal.throw.on.fetch.stable.offset.unsupported = false
	isolation.level = read_uncommitted
	key.deserializer = class org.apache.kafka.common.serialization.StringDeserializer
	max.partition.fetch.bytes = 20971520
	max.poll.interval.ms = 300000
	max.poll.records = 500
	metadata.max.age.ms = 300000
	metadata.recovery.strategy = none
	metric.reporters = []
	metrics.num.samples = 2
	metrics.recording.level = INFO
	metrics.sample.window.ms = 30000
	partition.assignment.strategy = [class org.apache.kafka.clients.consumer.RangeAssignor, class org.apache.kafka.clients.consumer.CooperativeStickyAssignor]
	receive.buffer.bytes = 65536
	reconnect.backoff.max.ms = 1000
	reconnect.backoff.ms = 50
	request.timeout.ms = 30000
	retry.backoff.max.ms = 1000
	retry.backoff.ms = 100
	sasl.client.callback.handler.class = null
	sasl.jaas.config = null
	sasl.kerberos.kinit.cmd = /usr/bin/kinit
	sasl.kerberos.min.time.before.relogin = 60000
	sasl.kerberos.service.name = null
	sasl.kerberos.ticket.renew.jitter = 0.05
	sasl.kerberos.ticket.renew.window.factor = 0.8
	sasl.login.callback.handler.class = null
	sasl.login.class = null
	sasl.login.connect.timeout.ms = null
	sasl.login.read.timeout.ms = null
	sasl.login.refresh.buffer.seconds = 300
	sasl.login.refresh.min.period.seconds = 60
	sasl.login.refresh.window.factor = 0.8
	sasl.login.refresh.window.jitter = 0.05
	sasl.login.retry.backoff.max.ms = 10000
	sasl.login.retry.backoff.ms = 100
	sasl.mechanism = GSSAPI
	sasl.oauthbearer.clock.skew.seconds = 30
	sasl.oauthbearer.expected.audience = null
	sasl.oauthbearer.expected.issuer = null
	sasl.oauthbearer.header.urlencode = false
	sasl.oauthbearer.jwks.endpoint.refresh.ms = 3600000
	sasl.oauthbearer.jwks.endpoint.retry.backoff.max.ms = 10000
	sasl.oauthbearer.jwks.endpoint.retry.backoff.ms = 100
	sasl.oauthbearer.jwks.endpoint.url = null
	sasl.oauthbearer.scope.claim.name = scope
	sasl.oauthbearer.sub.claim.name = sub
	sasl.oauthbearer.token.endpoint.url = null
	security.protocol = PLAINTEXT
	security.providers = null
	send.buffer.bytes = 131072
	session.timeout.ms = 45000
	socket.connection.setup.timeout.max.ms = 30000
	socket.connection.setup.timeout.ms = 10000
	ssl.cipher.suites = null
	ssl.enabled.protocols = [TLSv1.2, TLSv1.3]
	ssl.endpoint.identification.algorithm = https
	ssl.engine.factory.class = null
	ssl.key.password = null
	ssl.keymanager.algorithm = SunX509
	ssl.keystore.certificate.chain = null
	ssl.keystore.key = null
	ssl.keystore.location = null
	ssl.keystore.password = null
	ssl.keystore.type = JKS
	ssl.protocol = TLSv1.3
	ssl.provider = null
	ssl.secure.random.implementation = null
	ssl.trustmanager.algorithm = PKIX
	ssl.truststore.certificates = null
	ssl.truststore.location = null
	ssl.truststore.password = null
	ssl.truststore.type = JKS
	value.deserializer = class org.springframework.kafka.support.serializer.JsonDeserializer

2025-12-08T17:11:13.573+05:30  INFO 57781 --- [mail-service] [  restartedMain] o.a.k.c.t.i.KafkaMetricsCollector        : initializing Kafka metrics collector
2025-12-08T17:11:13.575+05:30  INFO 57781 --- [mail-service] [  restartedMain] o.a.kafka.common.utils.AppInfoParser     : Kafka version: 3.9.1
2025-12-08T17:11:13.575+05:30  INFO 57781 --- [mail-service] [  restartedMain] o.a.kafka.common.utils.AppInfoParser     : Kafka commitId: f745dfdcee2b9851
2025-12-08T17:11:13.575+05:30  INFO 57781 --- [mail-service] [  restartedMain] o.a.kafka.common.utils.AppInfoParser     : Kafka startTimeMs: 1765194073575
2025-12-08T17:11:13.575+05:30  INFO 57781 --- [mail-service] [  restartedMain] o.a.k.c.c.i.ClassicKafkaConsumer         : [Consumer clientId=consumer-mail-service-group-8, groupId=mail-service-group] Subscribed to topic(s): restaurantnotify
2025-12-08T17:11:13.583+05:30  INFO 57781 --- [mail-service] [  restartedMain] c.z.mail_service.MailServiceApplication  : Started MailServiceApplication in 1.78 seconds (process running for 2.143)
2025-12-08T17:11:13.747+05:30  INFO 57781 --- [mail-service] [ntainer#4-0-C-1] org.apache.kafka.clients.Metadata        : [Consumer clientId=consumer-mail-service-group-5, groupId=mail-service-group] Cluster ID: WfUlmuXqTPKaWjgyY2j2wQ
2025-12-08T17:11:13.747+05:30  INFO 57781 --- [mail-service] [ntainer#2-0-C-1] org.apache.kafka.clients.Metadata        : [Consumer clientId=consumer-mail-service-group-3, groupId=mail-service-group] Cluster ID: WfUlmuXqTPKaWjgyY2j2wQ
2025-12-08T17:11:13.747+05:30  INFO 57781 --- [mail-service] [ntainer#3-0-C-1] org.apache.kafka.clients.Metadata        : [Consumer clientId=consumer-mail-service-group-4, groupId=mail-service-group] Cluster ID: WfUlmuXqTPKaWjgyY2j2wQ
2025-12-08T17:11:13.747+05:30  INFO 57781 --- [mail-service] [ntainer#0-0-C-1] org.apache.kafka.clients.Metadata        : [Consumer clientId=consumer-mail-service-group-7, groupId=mail-service-group] Cluster ID: WfUlmuXqTPKaWjgyY2j2wQ
2025-12-08T17:11:13.747+05:30  INFO 57781 --- [mail-service] [ntainer#7-0-C-1] org.apache.kafka.clients.Metadata        : [Consumer clientId=consumer-mail-service-group-2, groupId=mail-service-group] Cluster ID: WfUlmuXqTPKaWjgyY2j2wQ
2025-12-08T17:11:13.747+05:30  INFO 57781 --- [mail-service] [ntainer#1-0-C-1] org.apache.kafka.clients.Metadata        : [Consumer clientId=consumer-mail-service-group-8, groupId=mail-service-group] Cluster ID: WfUlmuXqTPKaWjgyY2j2wQ
2025-12-08T17:11:13.747+05:30  INFO 57781 --- [mail-service] [ntainer#6-0-C-1] org.apache.kafka.clients.Metadata        : [Consumer clientId=consumer-mail-service-group-1, groupId=mail-service-group] Cluster ID: WfUlmuXqTPKaWjgyY2j2wQ
2025-12-08T17:11:13.747+05:30  INFO 57781 --- [mail-service] [ntainer#5-0-C-1] org.apache.kafka.clients.Metadata        : [Consumer clientId=consumer-mail-service-group-6, groupId=mail-service-group] Cluster ID: WfUlmuXqTPKaWjgyY2j2wQ
2025-12-08T17:11:13.750+05:30  INFO 57781 --- [mail-service] [ntainer#3-0-C-1] o.a.k.c.c.internals.ConsumerCoordinator  : [Consumer clientId=consumer-mail-service-group-4, groupId=mail-service-group] Discovered group coordinator localhost:9092 (id: 2147483646 rack: null)
2025-12-08T17:11:13.750+05:30  INFO 57781 --- [mail-service] [ntainer#6-0-C-1] o.a.k.c.c.internals.ConsumerCoordinator  : [Consumer clientId=consumer-mail-service-group-1, groupId=mail-service-group] Discovered group coordinator localhost:9092 (id: 2147483646 rack: null)
2025-12-08T17:11:13.750+05:30  INFO 57781 --- [mail-service] [ntainer#1-0-C-1] o.a.k.c.c.internals.ConsumerCoordinator  : [Consumer clientId=consumer-mail-service-group-8, groupId=mail-service-group] Discovered group coordinator localhost:9092 (id: 2147483646 rack: null)
2025-12-08T17:11:13.750+05:30  INFO 57781 --- [mail-service] [ntainer#7-0-C-1] o.a.k.c.c.internals.ConsumerCoordinator  : [Consumer clientId=consumer-mail-service-group-2, groupId=mail-service-group] Discovered group coordinator localhost:9092 (id: 2147483646 rack: null)
2025-12-08T17:11:13.751+05:30  INFO 57781 --- [mail-service] [ntainer#2-0-C-1] o.a.k.c.c.internals.ConsumerCoordinator  : [Consumer clientId=consumer-mail-service-group-3, groupId=mail-service-group] Discovered group coordinator localhost:9092 (id: 2147483646 rack: null)
2025-12-08T17:11:13.751+05:30  INFO 57781 --- [mail-service] [ntainer#5-0-C-1] o.a.k.c.c.internals.ConsumerCoordinator  : [Consumer clientId=consumer-mail-service-group-6, groupId=mail-service-group] Discovered group coordinator localhost:9092 (id: 2147483646 rack: null)
2025-12-08T17:11:13.752+05:30  INFO 57781 --- [mail-service] [ntainer#7-0-C-1] o.a.k.c.c.internals.ConsumerCoordinator  : [Consumer clientId=consumer-mail-service-group-2, groupId=mail-service-group] (Re-)joining group
2025-12-08T17:11:13.752+05:30  INFO 57781 --- [mail-service] [ntainer#2-0-C-1] o.a.k.c.c.internals.ConsumerCoordinator  : [Consumer clientId=consumer-mail-service-group-3, groupId=mail-service-group] (Re-)joining group
2025-12-08T17:11:13.752+05:30  INFO 57781 --- [mail-service] [ntainer#5-0-C-1] o.a.k.c.c.internals.ConsumerCoordinator  : [Consumer clientId=consumer-mail-service-group-6, groupId=mail-service-group] (Re-)joining group
2025-12-08T17:11:13.752+05:30  INFO 57781 --- [mail-service] [ntainer#1-0-C-1] o.a.k.c.c.internals.ConsumerCoordinator  : [Consumer clientId=consumer-mail-service-group-8, groupId=mail-service-group] (Re-)joining group
2025-12-08T17:11:13.752+05:30  INFO 57781 --- [mail-service] [ntainer#3-0-C-1] o.a.k.c.c.internals.ConsumerCoordinator  : [Consumer clientId=consumer-mail-service-group-4, groupId=mail-service-group] (Re-)joining group
2025-12-08T17:11:13.752+05:30  INFO 57781 --- [mail-service] [ntainer#6-0-C-1] o.a.k.c.c.internals.ConsumerCoordinator  : [Consumer clientId=consumer-mail-service-group-1, groupId=mail-service-group] (Re-)joining group
2025-12-08T17:11:13.784+05:30  INFO 57781 --- [mail-service] [ntainer#0-0-C-1] o.a.k.c.c.internals.ConsumerCoordinator  : [Consumer clientId=consumer-mail-service-group-7, groupId=mail-service-group] Discovered group coordinator localhost:9092 (id: 2147483646 rack: null)
2025-12-08T17:11:13.785+05:30  INFO 57781 --- [mail-service] [ntainer#0-0-C-1] o.a.k.c.c.internals.ConsumerCoordinator  : [Consumer clientId=consumer-mail-service-group-7, groupId=mail-service-group] (Re-)joining group
2025-12-08T17:11:13.785+05:30  INFO 57781 --- [mail-service] [ntainer#4-0-C-1] o.a.k.c.c.internals.ConsumerCoordinator  : [Consumer clientId=consumer-mail-service-group-5, groupId=mail-service-group] Discovered group coordinator localhost:9092 (id: 2147483646 rack: null)
2025-12-08T17:11:13.785+05:30  INFO 57781 --- [mail-service] [ntainer#4-0-C-1] o.a.k.c.c.internals.ConsumerCoordinator  : [Consumer clientId=consumer-mail-service-group-5, groupId=mail-service-group] (Re-)joining group
2025-12-08T17:11:13.790+05:30  INFO 57781 --- [mail-service] [ntainer#7-0-C-1] o.a.k.c.c.internals.ConsumerCoordinator  : [Consumer clientId=consumer-mail-service-group-2, groupId=mail-service-group] Request joining group due to: need to re-join with the given member-id: consumer-mail-service-group-2-63c49a1a-32f4-4534-81f2-42f9147755de
2025-12-08T17:11:13.791+05:30  INFO 57781 --- [mail-service] [ntainer#7-0-C-1] o.a.k.c.c.internals.ConsumerCoordinator  : [Consumer clientId=consumer-mail-service-group-2, groupId=mail-service-group] (Re-)joining group
2025-12-08T17:11:13.792+05:30  INFO 57781 --- [mail-service] [ntainer#3-0-C-1] o.a.k.c.c.internals.ConsumerCoordinator  : [Consumer clientId=consumer-mail-service-group-4, groupId=mail-service-group] Request joining group due to: need to re-join with the given member-id: consumer-mail-service-group-4-2796dabe-784e-47cf-9f08-5ddc1f50260d
2025-12-08T17:11:13.792+05:30  INFO 57781 --- [mail-service] [ntainer#3-0-C-1] o.a.k.c.c.internals.ConsumerCoordinator  : [Consumer clientId=consumer-mail-service-group-4, groupId=mail-service-group] (Re-)joining group
2025-12-08T17:11:13.794+05:30  INFO 57781 --- [mail-service] [ntainer#1-0-C-1] o.a.k.c.c.internals.ConsumerCoordinator  : [Consumer clientId=consumer-mail-service-group-8, groupId=mail-service-group] Request joining group due to: need to re-join with the given member-id: consumer-mail-service-group-8-24519905-9577-426f-904a-946e712335e8
2025-12-08T17:11:13.794+05:30  INFO 57781 --- [mail-service] [ntainer#2-0-C-1] o.a.k.c.c.internals.ConsumerCoordinator  : [Consumer clientId=consumer-mail-service-group-3, groupId=mail-service-group] Request joining group due to: need to re-join with the given member-id: consumer-mail-service-group-3-91b7b7b5-3380-4aa4-b189-a10e0517b8e5
2025-12-08T17:11:13.794+05:30  INFO 57781 --- [mail-service] [ntainer#1-0-C-1] o.a.k.c.c.internals.ConsumerCoordinator  : [Consumer clientId=consumer-mail-service-group-8, groupId=mail-service-group] (Re-)joining group
2025-12-08T17:11:13.794+05:30  INFO 57781 --- [mail-service] [ntainer#2-0-C-1] o.a.k.c.c.internals.ConsumerCoordinator  : [Consumer clientId=consumer-mail-service-group-3, groupId=mail-service-group] (Re-)joining group
2025-12-08T17:11:13.794+05:30  INFO 57781 --- [mail-service] [ntainer#5-0-C-1] o.a.k.c.c.internals.ConsumerCoordinator  : [Consumer clientId=consumer-mail-service-group-6, groupId=mail-service-group] Request joining group due to: need to re-join with the given member-id: consumer-mail-service-group-6-c5a86308-7695-4335-acd0-0552135243ec
2025-12-08T17:11:13.794+05:30  INFO 57781 --- [mail-service] [ntainer#5-0-C-1] o.a.k.c.c.internals.ConsumerCoordinator  : [Consumer clientId=consumer-mail-service-group-6, groupId=mail-service-group] (Re-)joining group
2025-12-08T17:11:13.794+05:30  INFO 57781 --- [mail-service] [ntainer#6-0-C-1] o.a.k.c.c.internals.ConsumerCoordinator  : [Consumer clientId=consumer-mail-service-group-1, groupId=mail-service-group] Request joining group due to: need to re-join with the given member-id: consumer-mail-service-group-1-4cd1adad-31f6-443a-8093-5f55a170626f
2025-12-08T17:11:13.794+05:30  INFO 57781 --- [mail-service] [ntainer#6-0-C-1] o.a.k.c.c.internals.ConsumerCoordinator  : [Consumer clientId=consumer-mail-service-group-1, groupId=mail-service-group] (Re-)joining group
2025-12-08T17:11:13.794+05:30  INFO 57781 --- [mail-service] [ntainer#0-0-C-1] o.a.k.c.c.internals.ConsumerCoordinator  : [Consumer clientId=consumer-mail-service-group-7, groupId=mail-service-group] Request joining group due to: need to re-join with the given member-id: consumer-mail-service-group-7-19116ef9-d4c0-4e00-aa4c-f99215ae6f44
2025-12-08T17:11:13.795+05:30  INFO 57781 --- [mail-service] [ntainer#0-0-C-1] o.a.k.c.c.internals.ConsumerCoordinator  : [Consumer clientId=consumer-mail-service-group-7, groupId=mail-service-group] (Re-)joining group
2025-12-08T17:11:13.795+05:30  INFO 57781 --- [mail-service] [ntainer#4-0-C-1] o.a.k.c.c.internals.ConsumerCoordinator  : [Consumer clientId=consumer-mail-service-group-5, groupId=mail-service-group] Request joining group due to: need to re-join with the given member-id: consumer-mail-service-group-5-74cc997a-80e3-44b7-bd5a-bef4a27124e5
2025-12-08T17:11:13.795+05:30  INFO 57781 --- [mail-service] [ntainer#4-0-C-1] o.a.k.c.c.internals.ConsumerCoordinator  : [Consumer clientId=consumer-mail-service-group-5, groupId=mail-service-group] (Re-)joining group
2025-12-08T17:11:19.931+05:30  INFO 57781 --- [mail-service] [ntainer#0-0-C-1] o.a.k.c.c.internals.ConsumerCoordinator  : [Consumer clientId=consumer-mail-service-group-7, groupId=mail-service-group] Successfully joined group with generation Generation{generationId=49, memberId='consumer-mail-service-group-7-19116ef9-d4c0-4e00-aa4c-f99215ae6f44', protocol='range'}
2025-12-08T17:11:19.931+05:30  INFO 57781 --- [mail-service] [ntainer#6-0-C-1] o.a.k.c.c.internals.ConsumerCoordinator  : [Consumer clientId=consumer-mail-service-group-1, groupId=mail-service-group] Successfully joined group with generation Generation{generationId=49, memberId='consumer-mail-service-group-1-4cd1adad-31f6-443a-8093-5f55a170626f', protocol='range'}
2025-12-08T17:11:19.931+05:30  INFO 57781 --- [mail-service] [ntainer#5-0-C-1] o.a.k.c.c.internals.ConsumerCoordinator  : [Consumer clientId=consumer-mail-service-group-6, groupId=mail-service-group] Successfully joined group with generation Generation{generationId=49, memberId='consumer-mail-service-group-6-c5a86308-7695-4335-acd0-0552135243ec', protocol='range'}
2025-12-08T17:11:19.931+05:30  INFO 57781 --- [mail-service] [ntainer#1-0-C-1] o.a.k.c.c.internals.ConsumerCoordinator  : [Consumer clientId=consumer-mail-service-group-8, groupId=mail-service-group] Successfully joined group with generation Generation{generationId=49, memberId='consumer-mail-service-group-8-24519905-9577-426f-904a-946e712335e8', protocol='range'}
2025-12-08T17:11:19.933+05:30  INFO 57781 --- [mail-service] [ntainer#7-0-C-1] o.a.k.c.c.internals.ConsumerCoordinator  : [Consumer clientId=consumer-mail-service-group-2, groupId=mail-service-group] Successfully joined group with generation Generation{generationId=49, memberId='consumer-mail-service-group-2-63c49a1a-32f4-4534-81f2-42f9147755de', protocol='range'}
2025-12-08T17:11:19.933+05:30  INFO 57781 --- [mail-service] [ntainer#4-0-C-1] o.a.k.c.c.internals.ConsumerCoordinator  : [Consumer clientId=consumer-mail-service-group-5, groupId=mail-service-group] Successfully joined group with generation Generation{generationId=49, memberId='consumer-mail-service-group-5-74cc997a-80e3-44b7-bd5a-bef4a27124e5', protocol='range'}
2025-12-08T17:11:19.931+05:30  INFO 57781 --- [mail-service] [ntainer#2-0-C-1] o.a.k.c.c.internals.ConsumerCoordinator  : [Consumer clientId=consumer-mail-service-group-3, groupId=mail-service-group] Successfully joined group with generation Generation{generationId=49, memberId='consumer-mail-service-group-3-91b7b7b5-3380-4aa4-b189-a10e0517b8e5', protocol='range'}
2025-12-08T17:11:19.933+05:30  INFO 57781 --- [mail-service] [ntainer#3-0-C-1] o.a.k.c.c.internals.ConsumerCoordinator  : [Consumer clientId=consumer-mail-service-group-4, groupId=mail-service-group] Successfully joined group with generation Generation{generationId=49, memberId='consumer-mail-service-group-4-2796dabe-784e-47cf-9f08-5ddc1f50260d', protocol='range'}
2025-12-08T17:11:19.962+05:30  INFO 57781 --- [mail-service] [ntainer#7-0-C-1] o.a.k.c.c.internals.ConsumerCoordinator  : [Consumer clientId=consumer-mail-service-group-2, groupId=mail-service-group] Finished assignment for group at generation 49: {consumer-mail-service-group-7-19116ef9-d4c0-4e00-aa4c-f99215ae6f44=Assignment(partitions=[passwordChange-0]), consumer-mail-service-group-3-91b7b7b5-3380-4aa4-b189-a10e0517b8e5=Assignment(partitions=[ridernotify-0]), consumer-mail-service-group-6-c5a86308-7695-4335-acd0-0552135243ec=Assignment(partitions=[delivery-0]), consumer-mail-service-group-2-63c49a1a-32f4-4534-81f2-42f9147755de=Assignment(partitions=[invoice-0]), consumer-mail-service-group-8-24519905-9577-426f-904a-946e712335e8=Assignment(partitions=[restaurantnotify-0]), consumer-mail-service-group-5-74cc997a-80e3-44b7-bd5a-bef4a27124e5=Assignment(partitions=[rider-0]), consumer-mail-service-group-4-2796dabe-784e-47cf-9f08-5ddc1f50260d=Assignment(partitions=[restaurant-0]), consumer-mail-service-group-1-4cd1adad-31f6-443a-8093-5f55a170626f=Assignment(partitions=[customer-0])}
2025-12-08T17:11:19.980+05:30  INFO 57781 --- [mail-service] [ntainer#0-0-C-1] o.a.k.c.c.internals.ConsumerCoordinator  : [Consumer clientId=consumer-mail-service-group-7, groupId=mail-service-group] Successfully synced group in generation Generation{generationId=49, memberId='consumer-mail-service-group-7-19116ef9-d4c0-4e00-aa4c-f99215ae6f44', protocol='range'}
2025-12-08T17:11:19.980+05:30  INFO 57781 --- [mail-service] [ntainer#5-0-C-1] o.a.k.c.c.internals.ConsumerCoordinator  : [Consumer clientId=consumer-mail-service-group-6, groupId=mail-service-group] Successfully synced group in generation Generation{generationId=49, memberId='consumer-mail-service-group-6-c5a86308-7695-4335-acd0-0552135243ec', protocol='range'}
2025-12-08T17:11:19.980+05:30  INFO 57781 --- [mail-service] [ntainer#2-0-C-1] o.a.k.c.c.internals.ConsumerCoordinator  : [Consumer clientId=consumer-mail-service-group-3, groupId=mail-service-group] Successfully synced group in generation Generation{generationId=49, memberId='consumer-mail-service-group-3-91b7b7b5-3380-4aa4-b189-a10e0517b8e5', protocol='range'}
2025-12-08T17:11:19.981+05:30  INFO 57781 --- [mail-service] [ntainer#0-0-C-1] o.a.k.c.c.internals.ConsumerCoordinator  : [Consumer clientId=consumer-mail-service-group-7, groupId=mail-service-group] Notifying assignor about the new Assignment(partitions=[passwordChange-0])
2025-12-08T17:11:19.981+05:30  INFO 57781 --- [mail-service] [ntainer#5-0-C-1] o.a.k.c.c.internals.ConsumerCoordinator  : [Consumer clientId=consumer-mail-service-group-6, groupId=mail-service-group] Notifying assignor about the new Assignment(partitions=[delivery-0])
2025-12-08T17:11:19.981+05:30  INFO 57781 --- [mail-service] [ntainer#2-0-C-1] o.a.k.c.c.internals.ConsumerCoordinator  : [Consumer clientId=consumer-mail-service-group-3, groupId=mail-service-group] Notifying assignor about the new Assignment(partitions=[ridernotify-0])
2025-12-08T17:11:19.982+05:30  INFO 57781 --- [mail-service] [ntainer#6-0-C-1] o.a.k.c.c.internals.ConsumerCoordinator  : [Consumer clientId=consumer-mail-service-group-1, groupId=mail-service-group] Successfully synced group in generation Generation{generationId=49, memberId='consumer-mail-service-group-1-4cd1adad-31f6-443a-8093-5f55a170626f', protocol='range'}
2025-12-08T17:11:19.982+05:30  INFO 57781 --- [mail-service] [ntainer#4-0-C-1] o.a.k.c.c.internals.ConsumerCoordinator  : [Consumer clientId=consumer-mail-service-group-5, groupId=mail-service-group] Successfully synced group in generation Generation{generationId=49, memberId='consumer-mail-service-group-5-74cc997a-80e3-44b7-bd5a-bef4a27124e5', protocol='range'}
2025-12-08T17:11:19.982+05:30  INFO 57781 --- [mail-service] [ntainer#6-0-C-1] o.a.k.c.c.internals.ConsumerCoordinator  : [Consumer clientId=consumer-mail-service-group-1, groupId=mail-service-group] Notifying assignor about the new Assignment(partitions=[customer-0])
2025-12-08T17:11:19.982+05:30  INFO 57781 --- [mail-service] [ntainer#7-0-C-1] o.a.k.c.c.internals.ConsumerCoordinator  : [Consumer clientId=consumer-mail-service-group-2, groupId=mail-service-group] Successfully synced group in generation Generation{generationId=49, memberId='consumer-mail-service-group-2-63c49a1a-32f4-4534-81f2-42f9147755de', protocol='range'}
2025-12-08T17:11:19.982+05:30  INFO 57781 --- [mail-service] [ntainer#4-0-C-1] o.a.k.c.c.internals.ConsumerCoordinator  : [Consumer clientId=consumer-mail-service-group-5, groupId=mail-service-group] Notifying assignor about the new Assignment(partitions=[rider-0])
2025-12-08T17:11:19.982+05:30  INFO 57781 --- [mail-service] [ntainer#7-0-C-1] o.a.k.c.c.internals.ConsumerCoordinator  : [Consumer clientId=consumer-mail-service-group-2, groupId=mail-service-group] Notifying assignor about the new Assignment(partitions=[invoice-0])
2025-12-08T17:11:19.984+05:30  INFO 57781 --- [mail-service] [ntainer#0-0-C-1] k.c.c.i.ConsumerRebalanceListenerInvoker : [Consumer clientId=consumer-mail-service-group-7, groupId=mail-service-group] Adding newly assigned partitions: passwordChange-0
2025-12-08T17:11:19.984+05:30  INFO 57781 --- [mail-service] [ntainer#2-0-C-1] k.c.c.i.ConsumerRebalanceListenerInvoker : [Consumer clientId=consumer-mail-service-group-3, groupId=mail-service-group] Adding newly assigned partitions: ridernotify-0
2025-12-08T17:11:19.984+05:30  INFO 57781 --- [mail-service] [ntainer#5-0-C-1] k.c.c.i.ConsumerRebalanceListenerInvoker : [Consumer clientId=consumer-mail-service-group-6, groupId=mail-service-group] Adding newly assigned partitions: delivery-0
2025-12-08T17:11:19.984+05:30  INFO 57781 --- [mail-service] [ntainer#6-0-C-1] k.c.c.i.ConsumerRebalanceListenerInvoker : [Consumer clientId=consumer-mail-service-group-1, groupId=mail-service-group] Adding newly assigned partitions: customer-0
2025-12-08T17:11:19.984+05:30  INFO 57781 --- [mail-service] [ntainer#4-0-C-1] k.c.c.i.ConsumerRebalanceListenerInvoker : [Consumer clientId=consumer-mail-service-group-5, groupId=mail-service-group] Adding newly assigned partitions: rider-0
2025-12-08T17:11:19.984+05:30  INFO 57781 --- [mail-service] [ntainer#7-0-C-1] k.c.c.i.ConsumerRebalanceListenerInvoker : [Consumer clientId=consumer-mail-service-group-2, groupId=mail-service-group] Adding newly assigned partitions: invoice-0
2025-12-08T17:11:19.985+05:30  INFO 57781 --- [mail-service] [ntainer#1-0-C-1] o.a.k.c.c.internals.ConsumerCoordinator  : [Consumer clientId=consumer-mail-service-group-8, groupId=mail-service-group] Successfully synced group in generation Generation{generationId=49, memberId='consumer-mail-service-group-8-24519905-9577-426f-904a-946e712335e8', protocol='range'}
2025-12-08T17:11:19.985+05:30  INFO 57781 --- [mail-service] [ntainer#3-0-C-1] o.a.k.c.c.internals.ConsumerCoordinator  : [Consumer clientId=consumer-mail-service-group-4, groupId=mail-service-group] Successfully synced group in generation Generation{generationId=49, memberId='consumer-mail-service-group-4-2796dabe-784e-47cf-9f08-5ddc1f50260d', protocol='range'}
2025-12-08T17:11:19.985+05:30  INFO 57781 --- [mail-service] [ntainer#1-0-C-1] o.a.k.c.c.internals.ConsumerCoordinator  : [Consumer clientId=consumer-mail-service-group-8, groupId=mail-service-group] Notifying assignor about the new Assignment(partitions=[restaurantnotify-0])
2025-12-08T17:11:19.985+05:30  INFO 57781 --- [mail-service] [ntainer#1-0-C-1] k.c.c.i.ConsumerRebalanceListenerInvoker : [Consumer clientId=consumer-mail-service-group-8, groupId=mail-service-group] Adding newly assigned partitions: restaurantnotify-0
2025-12-08T17:11:19.985+05:30  INFO 57781 --- [mail-service] [ntainer#3-0-C-1] o.a.k.c.c.internals.ConsumerCoordinator  : [Consumer clientId=consumer-mail-service-group-4, groupId=mail-service-group] Notifying assignor about the new Assignment(partitions=[restaurant-0])
2025-12-08T17:11:19.985+05:30  INFO 57781 --- [mail-service] [ntainer#3-0-C-1] k.c.c.i.ConsumerRebalanceListenerInvoker : [Consumer clientId=consumer-mail-service-group-4, groupId=mail-service-group] Adding newly assigned partitions: restaurant-0
2025-12-08T17:11:20.006+05:30  INFO 57781 --- [mail-service] [ntainer#1-0-C-1] o.a.k.c.c.internals.ConsumerUtils        : Setting offset for partition restaurantnotify-0 to the committed offset FetchPosition{offset=4, offsetEpoch=Optional.empty, currentLeader=LeaderAndEpoch{leader=Optional[localhost:9092 (id: 1 rack: null)], epoch=2}}
2025-12-08T17:11:20.006+05:30  INFO 57781 --- [mail-service] [ntainer#6-0-C-1] o.a.k.c.c.internals.ConsumerUtils        : Setting offset for partition customer-0 to the committed offset FetchPosition{offset=28, offsetEpoch=Optional.empty, currentLeader=LeaderAndEpoch{leader=Optional[localhost:9092 (id: 1 rack: null)], epoch=14}}
2025-12-08T17:11:20.006+05:30  INFO 57781 --- [mail-service] [ntainer#4-0-C-1] o.a.k.c.c.internals.ConsumerUtils        : Setting offset for partition rider-0 to the committed offset FetchPosition{offset=33, offsetEpoch=Optional.empty, currentLeader=LeaderAndEpoch{leader=Optional[localhost:9092 (id: 1 rack: null)], epoch=14}}
2025-12-08T17:11:20.006+05:30  INFO 57781 --- [mail-service] [ntainer#2-0-C-1] o.a.k.c.c.internals.ConsumerUtils        : Setting offset for partition ridernotify-0 to the committed offset FetchPosition{offset=4, offsetEpoch=Optional.empty, currentLeader=LeaderAndEpoch{leader=Optional[localhost:9092 (id: 1 rack: null)], epoch=2}}
2025-12-08T17:11:20.006+05:30  INFO 57781 --- [mail-service] [ntainer#0-0-C-1] o.a.k.c.c.internals.ConsumerUtils        : Setting offset for partition passwordChange-0 to the committed offset FetchPosition{offset=3, offsetEpoch=Optional.empty, currentLeader=LeaderAndEpoch{leader=Optional[localhost:9092 (id: 1 rack: null)], epoch=14}}
2025-12-08T17:11:20.006+05:30  INFO 57781 --- [mail-service] [ntainer#7-0-C-1] o.a.k.c.c.internals.ConsumerUtils        : Setting offset for partition invoice-0 to the committed offset FetchPosition{offset=50, offsetEpoch=Optional.empty, currentLeader=LeaderAndEpoch{leader=Optional[localhost:9092 (id: 1 rack: null)], epoch=14}}
2025-12-08T17:11:20.006+05:30  INFO 57781 --- [mail-service] [ntainer#5-0-C-1] o.a.k.c.c.internals.ConsumerUtils        : Setting offset for partition delivery-0 to the committed offset FetchPosition{offset=0, offsetEpoch=Optional.empty, currentLeader=LeaderAndEpoch{leader=Optional[localhost:9092 (id: 1 rack: null)], epoch=6}}
2025-12-08T17:11:20.006+05:30  INFO 57781 --- [mail-service] [ntainer#3-0-C-1] o.a.k.c.c.internals.ConsumerUtils        : Setting offset for partition restaurant-0 to the committed offset FetchPosition{offset=46, offsetEpoch=Optional.empty, currentLeader=LeaderAndEpoch{leader=Optional[localhost:9092 (id: 1 rack: null)], epoch=14}}
2025-12-08T17:11:20.007+05:30  INFO 57781 --- [mail-service] [ntainer#7-0-C-1] o.s.k.l.KafkaMessageListenerContainer    : mail-service-group: partitions assigned: [invoice-0]
2025-12-08T17:11:20.007+05:30  INFO 57781 --- [mail-service] [ntainer#6-0-C-1] o.s.k.l.KafkaMessageListenerContainer    : mail-service-group: partitions assigned: [customer-0]
2025-12-08T17:11:20.007+05:30  INFO 57781 --- [mail-service] [ntainer#2-0-C-1] o.s.k.l.KafkaMessageListenerContainer    : mail-service-group: partitions assigned: [ridernotify-0]
2025-12-08T17:11:20.007+05:30  INFO 57781 --- [mail-service] [ntainer#1-0-C-1] o.s.k.l.KafkaMessageListenerContainer    : mail-service-group: partitions assigned: [restaurantnotify-0]
2025-12-08T17:11:20.007+05:30  INFO 57781 --- [mail-service] [ntainer#4-0-C-1] o.s.k.l.KafkaMessageListenerContainer    : mail-service-group: partitions assigned: [rider-0]
2025-12-08T17:11:20.007+05:30  INFO 57781 --- [mail-service] [ntainer#0-0-C-1] o.s.k.l.KafkaMessageListenerContainer    : mail-service-group: partitions assigned: [passwordChange-0]
2025-12-08T17:11:20.007+05:30  INFO 57781 --- [mail-service] [ntainer#5-0-C-1] o.s.k.l.KafkaMessageListenerContainer    : mail-service-group: partitions assigned: [delivery-0]
2025-12-08T17:11:20.007+05:30  INFO 57781 --- [mail-service] [ntainer#3-0-C-1] o.s.k.l.KafkaMessageListenerContainer    : mail-service-group: partitions assigned: [restaurant-0]
2025-12-08T17:16:52.064+05:30  INFO 57781 --- [mail-service] [ngodb.net:27017] org.mongodb.driver.cluster               : Exception in monitor thread while connecting to server ac-bi9capp-shard-00-01.uziojbv.mongodb.net:27017

com.mongodb.MongoSocketReadTimeoutException: Timeout while receiving message
	at com.mongodb.internal.connection.InternalStreamConnection.createReadTimeoutException(InternalStreamConnection.java:819) ~[mongodb-driver-core-5.5.1.jar:na]
	at com.mongodb.internal.connection.InternalStreamConnection.translateReadException(InternalStreamConnection.java:807) ~[mongodb-driver-core-5.5.1.jar:na]
	at com.mongodb.internal.connection.InternalStreamConnection.receiveResponseBuffers(InternalStreamConnection.java:857) ~[mongodb-driver-core-5.5.1.jar:na]
	at com.mongodb.internal.connection.InternalStreamConnection.receiveCommandMessageResponse(InternalStreamConnection.java:517) ~[mongodb-driver-core-5.5.1.jar:na]
	at com.mongodb.internal.connection.InternalStreamConnection.receive(InternalStreamConnection.java:469) ~[mongodb-driver-core-5.5.1.jar:na]
	at com.mongodb.internal.connection.DefaultServerMonitor$ServerMonitor.lookupServerDescription(DefaultServerMonitor.java:249) ~[mongodb-driver-core-5.5.1.jar:na]
	at com.mongodb.internal.connection.DefaultServerMonitor$ServerMonitor.run(DefaultServerMonitor.java:176) ~[mongodb-driver-core-5.5.1.jar:na]
Caused by: java.net.SocketTimeoutException: Read timed out
	at java.base/sun.nio.ch.NioSocketImpl.timedRead(NioSocketImpl.java:277) ~[na:na]
	at java.base/sun.nio.ch.NioSocketImpl.implRead(NioSocketImpl.java:302) ~[na:na]
	at java.base/sun.nio.ch.NioSocketImpl.read(NioSocketImpl.java:354) ~[na:na]
	at java.base/sun.nio.ch.NioSocketImpl$1.read(NioSocketImpl.java:798) ~[na:na]
	at java.base/java.net.Socket$SocketInputStream.implRead(Socket.java:974) ~[na:na]
	at java.base/java.net.Socket$SocketInputStream.read(Socket.java:964) ~[na:na]
	at java.base/sun.security.ssl.SSLSocketInputRecord.read(SSLSocketInputRecord.java:489) ~[na:na]
	at java.base/sun.security.ssl.SSLSocketInputRecord.readHeader(SSLSocketInputRecord.java:483) ~[na:na]
	at java.base/sun.security.ssl.SSLSocketInputRecord.bytesInCompletePacket(SSLSocketInputRecord.java:70) ~[na:na]
	at java.base/sun.security.ssl.SSLSocketImpl.readApplicationRecord(SSLSocketImpl.java:1461) ~[na:na]
	at java.base/sun.security.ssl.SSLSocketImpl$AppInputStream.read(SSLSocketImpl.java:1068) ~[na:na]
	at com.mongodb.internal.connection.SocketStream.read(SocketStream.java:182) ~[mongodb-driver-core-5.5.1.jar:na]
	at com.mongodb.internal.connection.InternalStreamConnection.receiveResponseBuffers(InternalStreamConnection.java:824) ~[mongodb-driver-core-5.5.1.jar:na]
	... 4 common frames omitted

2025-12-08T17:16:52.064+05:30  INFO 57781 --- [mail-service] [ngodb.net:27017] org.mongodb.driver.cluster               : Exception in monitor thread while connecting to server ac-bi9capp-shard-00-02.uziojbv.mongodb.net:27017

com.mongodb.MongoSocketReadTimeoutException: Timeout while receiving message
	at com.mongodb.internal.connection.InternalStreamConnection.createReadTimeoutException(InternalStreamConnection.java:819) ~[mongodb-driver-core-5.5.1.jar:na]
	at com.mongodb.internal.connection.InternalStreamConnection.translateReadException(InternalStreamConnection.java:807) ~[mongodb-driver-core-5.5.1.jar:na]
	at com.mongodb.internal.connection.InternalStreamConnection.receiveResponseBuffers(InternalStreamConnection.java:857) ~[mongodb-driver-core-5.5.1.jar:na]
	at com.mongodb.internal.connection.InternalStreamConnection.receiveCommandMessageResponse(InternalStreamConnection.java:517) ~[mongodb-driver-core-5.5.1.jar:na]
	at com.mongodb.internal.connection.InternalStreamConnection.receive(InternalStreamConnection.java:469) ~[mongodb-driver-core-5.5.1.jar:na]
	at com.mongodb.internal.connection.DefaultServerMonitor$ServerMonitor.lookupServerDescription(DefaultServerMonitor.java:249) ~[mongodb-driver-core-5.5.1.jar:na]
	at com.mongodb.internal.connection.DefaultServerMonitor$ServerMonitor.run(DefaultServerMonitor.java:176) ~[mongodb-driver-core-5.5.1.jar:na]
Caused by: java.net.SocketTimeoutException: Read timed out
	at java.base/sun.nio.ch.NioSocketImpl.timedRead(NioSocketImpl.java:277) ~[na:na]
	at java.base/sun.nio.ch.NioSocketImpl.implRead(NioSocketImpl.java:302) ~[na:na]
	at java.base/sun.nio.ch.NioSocketImpl.read(NioSocketImpl.java:354) ~[na:na]
	at java.base/sun.nio.ch.NioSocketImpl$1.read(NioSocketImpl.java:798) ~[na:na]
	at java.base/java.net.Socket$SocketInputStream.implRead(Socket.java:974) ~[na:na]
	at java.base/java.net.Socket$SocketInputStream.read(Socket.java:964) ~[na:na]
	at java.base/sun.security.ssl.SSLSocketInputRecord.read(SSLSocketInputRecord.java:489) ~[na:na]
	at java.base/sun.security.ssl.SSLSocketInputRecord.readHeader(SSLSocketInputRecord.java:483) ~[na:na]
	at java.base/sun.security.ssl.SSLSocketInputRecord.bytesInCompletePacket(SSLSocketInputRecord.java:70) ~[na:na]
	at java.base/sun.security.ssl.SSLSocketImpl.readApplicationRecord(SSLSocketImpl.java:1461) ~[na:na]
	at java.base/sun.security.ssl.SSLSocketImpl$AppInputStream.read(SSLSocketImpl.java:1068) ~[na:na]
	at com.mongodb.internal.connection.SocketStream.read(SocketStream.java:182) ~[mongodb-driver-core-5.5.1.jar:na]
	at com.mongodb.internal.connection.InternalStreamConnection.receiveResponseBuffers(InternalStreamConnection.java:824) ~[mongodb-driver-core-5.5.1.jar:na]
	... 4 common frames omitted

2025-12-08T17:16:52.064+05:30  INFO 57781 --- [mail-service] [ngodb.net:27017] org.mongodb.driver.cluster               : Exception in monitor thread while connecting to server ac-bi9capp-shard-00-00.uziojbv.mongodb.net:27017

com.mongodb.MongoSocketReadTimeoutException: Timeout while receiving message
	at com.mongodb.internal.connection.InternalStreamConnection.createReadTimeoutException(InternalStreamConnection.java:819) ~[mongodb-driver-core-5.5.1.jar:na]
	at com.mongodb.internal.connection.InternalStreamConnection.translateReadException(InternalStreamConnection.java:807) ~[mongodb-driver-core-5.5.1.jar:na]
	at com.mongodb.internal.connection.InternalStreamConnection.receiveResponseBuffers(InternalStreamConnection.java:857) ~[mongodb-driver-core-5.5.1.jar:na]
	at com.mongodb.internal.connection.InternalStreamConnection.receiveCommandMessageResponse(InternalStreamConnection.java:517) ~[mongodb-driver-core-5.5.1.jar:na]
	at com.mongodb.internal.connection.InternalStreamConnection.receive(InternalStreamConnection.java:469) ~[mongodb-driver-core-5.5.1.jar:na]
	at com.mongodb.internal.connection.DefaultServerMonitor$ServerMonitor.lookupServerDescription(DefaultServerMonitor.java:249) ~[mongodb-driver-core-5.5.1.jar:na]
	at com.mongodb.internal.connection.DefaultServerMonitor$ServerMonitor.run(DefaultServerMonitor.java:176) ~[mongodb-driver-core-5.5.1.jar:na]
Caused by: java.net.SocketTimeoutException: Read timed out
	at java.base/sun.nio.ch.NioSocketImpl.timedRead(NioSocketImpl.java:277) ~[na:na]
	at java.base/sun.nio.ch.NioSocketImpl.implRead(NioSocketImpl.java:302) ~[na:na]
	at java.base/sun.nio.ch.NioSocketImpl.read(NioSocketImpl.java:354) ~[na:na]
	at java.base/sun.nio.ch.NioSocketImpl$1.read(NioSocketImpl.java:798) ~[na:na]
	at java.base/java.net.Socket$SocketInputStream.implRead(Socket.java:974) ~[na:na]
	at java.base/java.net.Socket$SocketInputStream.read(Socket.java:964) ~[na:na]
	at java.base/sun.security.ssl.SSLSocketInputRecord.read(SSLSocketInputRecord.java:489) ~[na:na]
	at java.base/sun.security.ssl.SSLSocketInputRecord.readHeader(SSLSocketInputRecord.java:483) ~[na:na]
	at java.base/sun.security.ssl.SSLSocketInputRecord.bytesInCompletePacket(SSLSocketInputRecord.java:70) ~[na:na]
	at java.base/sun.security.ssl.SSLSocketImpl.readApplicationRecord(SSLSocketImpl.java:1461) ~[na:na]
	at java.base/sun.security.ssl.SSLSocketImpl$AppInputStream.read(SSLSocketImpl.java:1068) ~[na:na]
	at com.mongodb.internal.connection.SocketStream.read(SocketStream.java:182) ~[mongodb-driver-core-5.5.1.jar:na]
	at com.mongodb.internal.connection.InternalStreamConnection.receiveResponseBuffers(InternalStreamConnection.java:824) ~[mongodb-driver-core-5.5.1.jar:na]
	... 4 common frames omitted

2025-12-08T17:16:52.295+05:30  INFO 57781 --- [mail-service] [ngodb.net:27017] org.mongodb.driver.cluster               : Monitor thread successfully connected to server with description ServerDescription{address=ac-bi9capp-shard-00-02.uziojbv.mongodb.net:27017, type=REPLICA_SET_SECONDARY, cryptd=false, state=CONNECTED, ok=true, minWireVersion=0, maxWireVersion=25, maxDocumentSize=16777216, logicalSessionTimeoutMinutes=30, roundTripTimeNanos=112788833, minRoundTripTimeNanos=0, setName='atlas-ucrn9o-shard-0', canonicalAddress=ac-bi9capp-shard-00-02.uziojbv.mongodb.net:27017, hosts=[ac-bi9capp-shard-00-01.uziojbv.mongodb.net:27017, ac-bi9capp-shard-00-02.uziojbv.mongodb.net:27017, ac-bi9capp-shard-00-00.uziojbv.mongodb.net:27017], passives=[], arbiters=[], primary='ac-bi9capp-shard-00-01.uziojbv.mongodb.net:27017', tagSet=TagSet{[Tag{name='availabilityZone', value='aps1-az2'}, Tag{name='diskState', value='READY'}, Tag{name='nodeType', value='ELECTABLE'}, Tag{name='provider', value='AWS'}, Tag{name='region', value='AP_SOUTH_1'}, Tag{name='workloadType', value='OPERATIONAL'}]}, electionId=null, setVersion=273, topologyVersion=TopologyVersion{processId=691cb72d909b75ec212f555d, counter=3}, lastWriteDate=Mon Dec 08 17:16:51 IST 2025, lastUpdateTimeNanos=2424444271899625}
2025-12-08T17:16:52.298+05:30  INFO 57781 --- [mail-service] [ngodb.net:27017] org.mongodb.driver.cluster               : Monitor thread successfully connected to server with description ServerDescription{address=ac-bi9capp-shard-00-01.uziojbv.mongodb.net:27017, type=REPLICA_SET_PRIMARY, cryptd=false, state=CONNECTED, ok=true, minWireVersion=0, maxWireVersion=25, maxDocumentSize=16777216, logicalSessionTimeoutMinutes=30, roundTripTimeNanos=76329917, minRoundTripTimeNanos=0, setName='atlas-ucrn9o-shard-0', canonicalAddress=ac-bi9capp-shard-00-01.uziojbv.mongodb.net:27017, hosts=[ac-bi9capp-shard-00-01.uziojbv.mongodb.net:27017, ac-bi9capp-shard-00-02.uziojbv.mongodb.net:27017, ac-bi9capp-shard-00-00.uziojbv.mongodb.net:27017], passives=[], arbiters=[], primary='ac-bi9capp-shard-00-01.uziojbv.mongodb.net:27017', tagSet=TagSet{[Tag{name='availabilityZone', value='aps1-az3'}, Tag{name='diskState', value='READY'}, Tag{name='nodeType', value='ELECTABLE'}, Tag{name='provider', value='AWS'}, Tag{name='region', value='AP_SOUTH_1'}, Tag{name='workloadType', value='OPERATIONAL'}]}, electionId=7fffffff00000000000001b6, setVersion=273, topologyVersion=TopologyVersion{processId=691cb45322c16c3e98f44761, counter=6}, lastWriteDate=Mon Dec 08 17:16:51 IST 2025, lastUpdateTimeNanos=2424444274857166}
2025-12-08T17:16:52.300+05:30  INFO 57781 --- [mail-service] [ngodb.net:27017] org.mongodb.driver.cluster               : Discovered replica set primary ac-bi9capp-shard-00-01.uziojbv.mongodb.net:27017 with max election id 7fffffff00000000000001b6 and max set version 273
2025-12-08T17:16:52.443+05:30  INFO 57781 --- [mail-service] [ngodb.net:27017] org.mongodb.driver.cluster               : Monitor thread successfully connected to server with description ServerDescription{address=ac-bi9capp-shard-00-00.uziojbv.mongodb.net:27017, type=REPLICA_SET_SECONDARY, cryptd=false, state=CONNECTED, ok=true, minWireVersion=0, maxWireVersion=25, maxDocumentSize=16777216, logicalSessionTimeoutMinutes=30, roundTripTimeNanos=82470708, minRoundTripTimeNanos=0, setName='atlas-ucrn9o-shard-0', canonicalAddress=ac-bi9capp-shard-00-00.uziojbv.mongodb.net:27017, hosts=[ac-bi9capp-shard-00-01.uziojbv.mongodb.net:27017, ac-bi9capp-shard-00-02.uziojbv.mongodb.net:27017, ac-bi9capp-shard-00-00.uziojbv.mongodb.net:27017], passives=[], arbiters=[], primary='ac-bi9capp-shard-00-01.uziojbv.mongodb.net:27017', tagSet=TagSet{[Tag{name='availabilityZone', value='aps1-az1'}, Tag{name='diskState', value='READY'}, Tag{name='nodeType', value='ELECTABLE'}, Tag{name='provider', value='AWS'}, Tag{name='region', value='AP_SOUTH_1'}, Tag{name='workloadType', value='OPERATIONAL'}]}, electionId=null, setVersion=273, topologyVersion=TopologyVersion{processId=691cb1e721397969e83851e7, counter=4}, lastWriteDate=Mon Dec 08 17:16:51 IST 2025, lastUpdateTimeNanos=2424444420523958}
2025-12-08T17:30:00.560+05:30  INFO 57781 --- [mail-service] [l-service-group] o.a.k.c.c.internals.ConsumerCoordinator  : [Consumer clientId=consumer-mail-service-group-8, groupId=mail-service-group] Group coordinator localhost:9092 (id: 2147483646 rack: null) is unavailable or invalid due to cause: session timed out without receiving a heartbeat response. isDisconnected: false. Rediscovery will be attempted.
2025-12-08T17:30:00.561+05:30  INFO 57781 --- [mail-service] [l-service-group] o.a.k.c.c.internals.ConsumerCoordinator  : [Consumer clientId=consumer-mail-service-group-3, groupId=mail-service-group] Group coordinator localhost:9092 (id: 2147483646 rack: null) is unavailable or invalid due to cause: session timed out without receiving a heartbeat response. isDisconnected: false. Rediscovery will be attempted.
2025-12-08T17:30:00.615+05:30  INFO 57781 --- [mail-service] [l-service-group] o.a.k.c.c.internals.ConsumerCoordinator  : [Consumer clientId=consumer-mail-service-group-8, groupId=mail-service-group] Requesting disconnect from last known coordinator localhost:9092 (id: 2147483646 rack: null)
2025-12-08T17:30:00.616+05:30  INFO 57781 --- [mail-service] [l-service-group] o.a.k.c.c.internals.ConsumerCoordinator  : [Consumer clientId=consumer-mail-service-group-3, groupId=mail-service-group] Requesting disconnect from last known coordinator localhost:9092 (id: 2147483646 rack: null)
2025-12-08T17:30:00.561+05:30  INFO 57781 --- [mail-service] [l-service-group] o.a.k.c.c.internals.ConsumerCoordinator  : [Consumer clientId=consumer-mail-service-group-5, groupId=mail-service-group] Group coordinator localhost:9092 (id: 2147483646 rack: null) is unavailable or invalid due to cause: session timed out without receiving a heartbeat response. isDisconnected: false. Rediscovery will be attempted.
2025-12-08T17:30:00.618+05:30  INFO 57781 --- [mail-service] [l-service-group] o.a.k.c.c.internals.ConsumerCoordinator  : [Consumer clientId=consumer-mail-service-group-5, groupId=mail-service-group] Requesting disconnect from last known coordinator localhost:9092 (id: 2147483646 rack: null)
2025-12-08T17:30:00.560+05:30  INFO 57781 --- [mail-service] [l-service-group] o.a.k.c.c.internals.ConsumerCoordinator  : [Consumer clientId=consumer-mail-service-group-1, groupId=mail-service-group] Group coordinator localhost:9092 (id: 2147483646 rack: null) is unavailable or invalid due to cause: session timed out without receiving a heartbeat response. isDisconnected: false. Rediscovery will be attempted.
2025-12-08T17:30:00.618+05:30  INFO 57781 --- [mail-service] [l-service-group] o.a.k.c.c.internals.ConsumerCoordinator  : [Consumer clientId=consumer-mail-service-group-1, groupId=mail-service-group] Requesting disconnect from last known coordinator localhost:9092 (id: 2147483646 rack: null)
2025-12-08T17:30:00.561+05:30  INFO 57781 --- [mail-service] [l-service-group] o.a.k.c.c.internals.ConsumerCoordinator  : [Consumer clientId=consumer-mail-service-group-7, groupId=mail-service-group] Group coordinator localhost:9092 (id: 2147483646 rack: null) is unavailable or invalid due to cause: session timed out without receiving a heartbeat response. isDisconnected: false. Rediscovery will be attempted.
2025-12-08T17:30:00.618+05:30  INFO 57781 --- [mail-service] [l-service-group] o.a.k.c.c.internals.ConsumerCoordinator  : [Consumer clientId=consumer-mail-service-group-7, groupId=mail-service-group] Requesting disconnect from last known coordinator localhost:9092 (id: 2147483646 rack: null)
2025-12-08T17:30:00.561+05:30  INFO 57781 --- [mail-service] [l-service-group] o.a.k.c.c.internals.ConsumerCoordinator  : [Consumer clientId=consumer-mail-service-group-6, groupId=mail-service-group] Group coordinator localhost:9092 (id: 2147483646 rack: null) is unavailable or invalid due to cause: session timed out without receiving a heartbeat response. isDisconnected: false. Rediscovery will be attempted.
2025-12-08T17:30:00.618+05:30  INFO 57781 --- [mail-service] [l-service-group] o.a.k.c.c.internals.ConsumerCoordinator  : [Consumer clientId=consumer-mail-service-group-6, groupId=mail-service-group] Requesting disconnect from last known coordinator localhost:9092 (id: 2147483646 rack: null)
2025-12-08T17:30:00.621+05:30  INFO 57781 --- [mail-service] [l-service-group] org.apache.kafka.clients.NetworkClient   : [Consumer clientId=consumer-mail-service-group-5, groupId=mail-service-group] Client requested disconnect from node 2147483646
2025-12-08T17:30:00.621+05:30  INFO 57781 --- [mail-service] [l-service-group] org.apache.kafka.clients.NetworkClient   : [Consumer clientId=consumer-mail-service-group-3, groupId=mail-service-group] Client requested disconnect from node 2147483646
2025-12-08T17:30:00.621+05:30  INFO 57781 --- [mail-service] [l-service-group] org.apache.kafka.clients.NetworkClient   : [Consumer clientId=consumer-mail-service-group-1, groupId=mail-service-group] Client requested disconnect from node 2147483646
2025-12-08T17:30:00.621+05:30  INFO 57781 --- [mail-service] [l-service-group] org.apache.kafka.clients.NetworkClient   : [Consumer clientId=consumer-mail-service-group-6, groupId=mail-service-group] Client requested disconnect from node 2147483646
2025-12-08T17:30:00.621+05:30  INFO 57781 --- [mail-service] [l-service-group] org.apache.kafka.clients.NetworkClient   : [Consumer clientId=consumer-mail-service-group-8, groupId=mail-service-group] Client requested disconnect from node 2147483646
2025-12-08T17:30:00.622+05:30  INFO 57781 --- [mail-service] [l-service-group] org.apache.kafka.clients.NetworkClient   : [Consumer clientId=consumer-mail-service-group-7, groupId=mail-service-group] Client requested disconnect from node 2147483646
2025-12-08T17:30:00.624+05:30  INFO 57781 --- [mail-service] [ntainer#7-0-C-1] org.apache.kafka.clients.NetworkClient   : [Consumer clientId=consumer-mail-service-group-2, groupId=mail-service-group] Disconnecting from node 1 due to request timeout.
2025-12-08T17:30:00.624+05:30  INFO 57781 --- [mail-service] [ntainer#3-0-C-1] org.apache.kafka.clients.NetworkClient   : [Consumer clientId=consumer-mail-service-group-4, groupId=mail-service-group] Disconnecting from node 1 due to request timeout.
2025-12-08T17:30:00.661+05:30  INFO 57781 --- [mail-service] [ntainer#3-0-C-1] org.apache.kafka.clients.NetworkClient   : [Consumer clientId=consumer-mail-service-group-4, groupId=mail-service-group] Cancelled in-flight FETCH request with correlation id 613 due to node 1 being disconnected (elapsed time since creation: 786395ms, elapsed time since send: 786395ms, throttle time: 0ms, request timeout: 30000ms)
2025-12-08T17:30:00.661+05:30  INFO 57781 --- [mail-service] [ntainer#7-0-C-1] org.apache.kafka.clients.NetworkClient   : [Consumer clientId=consumer-mail-service-group-2, groupId=mail-service-group] Cancelled in-flight FETCH request with correlation id 615 due to node 1 being disconnected (elapsed time since creation: 786387ms, elapsed time since send: 786387ms, throttle time: 0ms, request timeout: 30000ms)
2025-12-08T17:30:00.668+05:30  INFO 57781 --- [mail-service] [l-service-group] o.a.k.c.c.internals.ConsumerCoordinator  : [Consumer clientId=consumer-mail-service-group-4, groupId=mail-service-group] Group coordinator localhost:9092 (id: 2147483646 rack: null) is unavailable or invalid due to cause: session timed out without receiving a heartbeat response. isDisconnected: false. Rediscovery will be attempted.
2025-12-08T17:30:00.668+05:30  INFO 57781 --- [mail-service] [l-service-group] o.a.k.c.c.internals.ConsumerCoordinator  : [Consumer clientId=consumer-mail-service-group-4, groupId=mail-service-group] Requesting disconnect from last known coordinator localhost:9092 (id: 2147483646 rack: null)
2025-12-08T17:30:00.669+05:30  INFO 57781 --- [mail-service] [l-service-group] org.apache.kafka.clients.NetworkClient   : [Consumer clientId=consumer-mail-service-group-4, groupId=mail-service-group] Client requested disconnect from node 2147483646
2025-12-08T17:30:00.668+05:30  INFO 57781 --- [mail-service] [l-service-group] o.a.k.c.c.internals.ConsumerCoordinator  : [Consumer clientId=consumer-mail-service-group-2, groupId=mail-service-group] Group coordinator localhost:9092 (id: 2147483646 rack: null) is unavailable or invalid due to cause: session timed out without receiving a heartbeat response. isDisconnected: false. Rediscovery will be attempted.
2025-12-08T17:30:00.669+05:30  INFO 57781 --- [mail-service] [l-service-group] o.a.k.c.c.internals.ConsumerCoordinator  : [Consumer clientId=consumer-mail-service-group-2, groupId=mail-service-group] Requesting disconnect from last known coordinator localhost:9092 (id: 2147483646 rack: null)
2025-12-08T17:30:00.670+05:30  INFO 57781 --- [mail-service] [l-service-group] org.apache.kafka.clients.NetworkClient   : [Consumer clientId=consumer-mail-service-group-2, groupId=mail-service-group] Client requested disconnect from node 2147483646
2025-12-08T17:30:00.670+05:30  INFO 57781 --- [mail-service] [ntainer#3-0-C-1] o.a.kafka.clients.FetchSessionHandler    : [Consumer clientId=consumer-mail-service-group-4, groupId=mail-service-group] Error sending fetch request (sessionId=1128788570, epoch=505) to node 1:

org.apache.kafka.common.errors.DisconnectException: null

2025-12-08T17:30:00.671+05:30  INFO 57781 --- [mail-service] [ntainer#7-0-C-1] o.a.kafka.clients.FetchSessionHandler    : [Consumer clientId=consumer-mail-service-group-2, groupId=mail-service-group] Error sending fetch request (sessionId=1977771272, epoch=506) to node 1:

org.apache.kafka.common.errors.DisconnectException: null

2025-12-08T17:30:01.913+05:30  INFO 57781 --- [mail-service] [ntainer#7-0-C-1] o.a.k.c.c.internals.ConsumerCoordinator  : [Consumer clientId=consumer-mail-service-group-2, groupId=mail-service-group] Discovered group coordinator localhost:9092 (id: 2147483646 rack: null)
2025-12-08T17:30:01.913+05:30  INFO 57781 --- [mail-service] [ntainer#1-0-C-1] o.a.k.c.c.internals.ConsumerCoordinator  : [Consumer clientId=consumer-mail-service-group-8, groupId=mail-service-group] Discovered group coordinator localhost:9092 (id: 2147483646 rack: null)
2025-12-08T17:30:01.913+05:30  INFO 57781 --- [mail-service] [ntainer#3-0-C-1] o.a.k.c.c.internals.ConsumerCoordinator  : [Consumer clientId=consumer-mail-service-group-4, groupId=mail-service-group] Discovered group coordinator localhost:9092 (id: 2147483646 rack: null)
2025-12-08T17:30:01.913+05:30  INFO 57781 --- [mail-service] [ntainer#2-0-C-1] o.a.k.c.c.internals.ConsumerCoordinator  : [Consumer clientId=consumer-mail-service-group-3, groupId=mail-service-group] Discovered group coordinator localhost:9092 (id: 2147483646 rack: null)
2025-12-08T17:30:01.913+05:30  INFO 57781 --- [mail-service] [ntainer#6-0-C-1] o.a.k.c.c.internals.ConsumerCoordinator  : [Consumer clientId=consumer-mail-service-group-1, groupId=mail-service-group] Discovered group coordinator localhost:9092 (id: 2147483646 rack: null)
2025-12-08T17:30:01.913+05:30  INFO 57781 --- [mail-service] [ntainer#4-0-C-1] o.a.k.c.c.internals.ConsumerCoordinator  : [Consumer clientId=consumer-mail-service-group-5, groupId=mail-service-group] Discovered group coordinator localhost:9092 (id: 2147483646 rack: null)
2025-12-08T17:30:01.913+05:30  INFO 57781 --- [mail-service] [ntainer#5-0-C-1] o.a.k.c.c.internals.ConsumerCoordinator  : [Consumer clientId=consumer-mail-service-group-6, groupId=mail-service-group] Discovered group coordinator localhost:9092 (id: 2147483646 rack: null)
2025-12-08T17:30:01.913+05:30  INFO 57781 --- [mail-service] [ntainer#0-0-C-1] o.a.k.c.c.internals.ConsumerCoordinator  : [Consumer clientId=consumer-mail-service-group-7, groupId=mail-service-group] Discovered group coordinator localhost:9092 (id: 2147483646 rack: null)
2025-12-08T17:40:00.510+05:30  INFO 57781 --- [mail-service] [l-service-group] o.a.k.c.c.internals.ConsumerCoordinator  : [Consumer clientId=consumer-mail-service-group-6, groupId=mail-service-group] Group coordinator localhost:9092 (id: 2147483646 rack: null) is unavailable or invalid due to cause: session timed out without receiving a heartbeat response. isDisconnected: false. Rediscovery will be attempted.
2025-12-08T17:40:00.510+05:30  INFO 57781 --- [mail-service] [l-service-group] o.a.k.c.c.internals.ConsumerCoordinator  : [Consumer clientId=consumer-mail-service-group-8, groupId=mail-service-group] Group coordinator localhost:9092 (id: 2147483646 rack: null) is unavailable or invalid due to cause: session timed out without receiving a heartbeat response. isDisconnected: false. Rediscovery will be attempted.
2025-12-08T17:40:00.558+05:30  INFO 57781 --- [mail-service] [l-service-group] o.a.k.c.c.internals.ConsumerCoordinator  : [Consumer clientId=consumer-mail-service-group-6, groupId=mail-service-group] Requesting disconnect from last known coordinator localhost:9092 (id: 2147483646 rack: null)
2025-12-08T17:40:00.560+05:30  INFO 57781 --- [mail-service] [l-service-group] org.apache.kafka.clients.NetworkClient   : [Consumer clientId=consumer-mail-service-group-6, groupId=mail-service-group] Client requested disconnect from node 2147483646
2025-12-08T17:40:00.510+05:30  INFO 57781 --- [mail-service] [l-service-group] o.a.k.c.c.internals.ConsumerCoordinator  : [Consumer clientId=consumer-mail-service-group-2, groupId=mail-service-group] Group coordinator localhost:9092 (id: 2147483646 rack: null) is unavailable or invalid due to cause: session timed out without receiving a heartbeat response. isDisconnected: false. Rediscovery will be attempted.
2025-12-08T17:40:00.559+05:30  INFO 57781 --- [mail-service] [l-service-group] o.a.k.c.c.internals.ConsumerCoordinator  : [Consumer clientId=consumer-mail-service-group-8, groupId=mail-service-group] Requesting disconnect from last known coordinator localhost:9092 (id: 2147483646 rack: null)
2025-12-08T17:40:00.510+05:30  INFO 57781 --- [mail-service] [l-service-group] o.a.k.c.c.internals.ConsumerCoordinator  : [Consumer clientId=consumer-mail-service-group-4, groupId=mail-service-group] Group coordinator localhost:9092 (id: 2147483646 rack: null) is unavailable or invalid due to cause: session timed out without receiving a heartbeat response. isDisconnected: false. Rediscovery will be attempted.
2025-12-08T17:40:00.569+05:30  INFO 57781 --- [mail-service] [l-service-group] o.a.k.c.c.internals.ConsumerCoordinator  : [Consumer clientId=consumer-mail-service-group-4, groupId=mail-service-group] Requesting disconnect from last known coordinator localhost:9092 (id: 2147483646 rack: null)
2025-12-08T17:40:00.510+05:30  INFO 57781 --- [mail-service] [l-service-group] o.a.k.c.c.internals.ConsumerCoordinator  : [Consumer clientId=consumer-mail-service-group-5, groupId=mail-service-group] Group coordinator localhost:9092 (id: 2147483646 rack: null) is unavailable or invalid due to cause: session timed out without receiving a heartbeat response. isDisconnected: false. Rediscovery will be attempted.
2025-12-08T17:40:00.564+05:30  INFO 57781 --- [mail-service] [l-service-group] o.a.k.c.c.internals.ConsumerCoordinator  : [Consumer clientId=consumer-mail-service-group-2, groupId=mail-service-group] Requesting disconnect from last known coordinator localhost:9092 (id: 2147483646 rack: null)
2025-12-08T17:40:00.568+05:30  INFO 57781 --- [mail-service] [l-service-group] org.apache.kafka.clients.NetworkClient   : [Consumer clientId=consumer-mail-service-group-8, groupId=mail-service-group] Client requested disconnect from node 2147483646
2025-12-08T17:40:00.571+05:30  INFO 57781 --- [mail-service] [l-service-group] org.apache.kafka.clients.NetworkClient   : [Consumer clientId=consumer-mail-service-group-2, groupId=mail-service-group] Client requested disconnect from node 2147483646
2025-12-08T17:40:00.571+05:30  INFO 57781 --- [mail-service] [l-service-group] o.a.k.c.c.internals.ConsumerCoordinator  : [Consumer clientId=consumer-mail-service-group-5, groupId=mail-service-group] Requesting disconnect from last known coordinator localhost:9092 (id: 2147483646 rack: null)
2025-12-08T17:40:00.570+05:30  INFO 57781 --- [mail-service] [l-service-group] org.apache.kafka.clients.NetworkClient   : [Consumer clientId=consumer-mail-service-group-4, groupId=mail-service-group] Client requested disconnect from node 2147483646
2025-12-08T17:40:00.572+05:30  INFO 57781 --- [mail-service] [l-service-group] org.apache.kafka.clients.NetworkClient   : [Consumer clientId=consumer-mail-service-group-5, groupId=mail-service-group] Client requested disconnect from node 2147483646
2025-12-08T17:40:00.669+05:30  INFO 57781 --- [mail-service] [l-service-group] o.a.k.c.c.internals.ConsumerCoordinator  : [Consumer clientId=consumer-mail-service-group-3, groupId=mail-service-group] Group coordinator localhost:9092 (id: 2147483646 rack: null) is unavailable or invalid due to cause: session timed out without receiving a heartbeat response. isDisconnected: false. Rediscovery will be attempted.
2025-12-08T17:40:00.669+05:30  INFO 57781 --- [mail-service] [l-service-group] o.a.k.c.c.internals.ConsumerCoordinator  : [Consumer clientId=consumer-mail-service-group-7, groupId=mail-service-group] Group coordinator localhost:9092 (id: 2147483646 rack: null) is unavailable or invalid due to cause: session timed out without receiving a heartbeat response. isDisconnected: false. Rediscovery will be attempted.
2025-12-08T17:40:00.669+05:30  INFO 57781 --- [mail-service] [l-service-group] o.a.k.c.c.internals.ConsumerCoordinator  : [Consumer clientId=consumer-mail-service-group-3, groupId=mail-service-group] Requesting disconnect from last known coordinator localhost:9092 (id: 2147483646 rack: null)
2025-12-08T17:40:00.670+05:30  INFO 57781 --- [mail-service] [l-service-group] o.a.k.c.c.internals.ConsumerCoordinator  : [Consumer clientId=consumer-mail-service-group-7, groupId=mail-service-group] Requesting disconnect from last known coordinator localhost:9092 (id: 2147483646 rack: null)
2025-12-08T17:40:00.670+05:30  INFO 57781 --- [mail-service] [l-service-group] org.apache.kafka.clients.NetworkClient   : [Consumer clientId=consumer-mail-service-group-3, groupId=mail-service-group] Client requested disconnect from node 2147483646
2025-12-08T17:40:00.670+05:30  INFO 57781 --- [mail-service] [l-service-group] org.apache.kafka.clients.NetworkClient   : [Consumer clientId=consumer-mail-service-group-7, groupId=mail-service-group] Client requested disconnect from node 2147483646
2025-12-08T17:40:00.674+05:30  INFO 57781 --- [mail-service] [l-service-group] o.a.k.c.c.internals.ConsumerCoordinator  : [Consumer clientId=consumer-mail-service-group-1, groupId=mail-service-group] Group coordinator localhost:9092 (id: 2147483646 rack: null) is unavailable or invalid due to cause: session timed out without receiving a heartbeat response. isDisconnected: false. Rediscovery will be attempted.
2025-12-08T17:40:00.674+05:30  INFO 57781 --- [mail-service] [l-service-group] o.a.k.c.c.internals.ConsumerCoordinator  : [Consumer clientId=consumer-mail-service-group-1, groupId=mail-service-group] Requesting disconnect from last known coordinator localhost:9092 (id: 2147483646 rack: null)
2025-12-08T17:40:00.675+05:30  INFO 57781 --- [mail-service] [l-service-group] org.apache.kafka.clients.NetworkClient   : [Consumer clientId=consumer-mail-service-group-1, groupId=mail-service-group] Client requested disconnect from node 2147483646
2025-12-08T17:40:00.681+05:30  INFO 57781 --- [mail-service] [ntainer#6-0-C-1] o.a.k.c.c.internals.ConsumerCoordinator  : [Consumer clientId=consumer-mail-service-group-1, groupId=mail-service-group] Discovered group coordinator localhost:9092 (id: 2147483646 rack: null)
2025-12-08T17:40:00.681+05:30  INFO 57781 --- [mail-service] [ntainer#5-0-C-1] o.a.k.c.c.internals.ConsumerCoordinator  : [Consumer clientId=consumer-mail-service-group-6, groupId=mail-service-group] Discovered group coordinator localhost:9092 (id: 2147483646 rack: null)
2025-12-08T17:40:00.681+05:30  INFO 57781 --- [mail-service] [ntainer#6-0-C-1] o.a.k.c.c.internals.ConsumerCoordinator  : [Consumer clientId=consumer-mail-service-group-1, groupId=mail-service-group] Group coordinator localhost:9092 (id: 2147483646 rack: null) is unavailable or invalid due to cause: coordinator unavailable. isDisconnected: false. Rediscovery will be attempted.
2025-12-08T17:40:00.681+05:30  INFO 57781 --- [mail-service] [ntainer#6-0-C-1] o.a.k.c.c.internals.ConsumerCoordinator  : [Consumer clientId=consumer-mail-service-group-1, groupId=mail-service-group] Requesting disconnect from last known coordinator localhost:9092 (id: 2147483646 rack: null)
2025-12-08T17:40:00.705+05:30  INFO 57781 --- [mail-service] [ntainer#4-0-C-1] o.a.k.c.c.internals.ConsumerCoordinator  : [Consumer clientId=consumer-mail-service-group-5, groupId=mail-service-group] Discovered group coordinator localhost:9092 (id: 2147483646 rack: null)
2025-12-08T17:40:00.705+05:30  INFO 57781 --- [mail-service] [ntainer#2-0-C-1] o.a.k.c.c.internals.ConsumerCoordinator  : [Consumer clientId=consumer-mail-service-group-3, groupId=mail-service-group] Discovered group coordinator localhost:9092 (id: 2147483646 rack: null)
2025-12-08T17:40:00.705+05:30  INFO 57781 --- [mail-service] [ntainer#0-0-C-1] o.a.k.c.c.internals.ConsumerCoordinator  : [Consumer clientId=consumer-mail-service-group-7, groupId=mail-service-group] Discovered group coordinator localhost:9092 (id: 2147483646 rack: null)
2025-12-08T17:40:00.706+05:30  INFO 57781 --- [mail-service] [ntainer#2-0-C-1] o.a.k.c.c.internals.ConsumerCoordinator  : [Consumer clientId=consumer-mail-service-group-3, groupId=mail-service-group] Group coordinator localhost:9092 (id: 2147483646 rack: null) is unavailable or invalid due to cause: coordinator unavailable. isDisconnected: false. Rediscovery will be attempted.
2025-12-08T17:40:00.706+05:30  INFO 57781 --- [mail-service] [ntainer#0-0-C-1] o.a.k.c.c.internals.ConsumerCoordinator  : [Consumer clientId=consumer-mail-service-group-7, groupId=mail-service-group] Group coordinator localhost:9092 (id: 2147483646 rack: null) is unavailable or invalid due to cause: coordinator unavailable. isDisconnected: false. Rediscovery will be attempted.
2025-12-08T17:40:00.706+05:30  INFO 57781 --- [mail-service] [ntainer#2-0-C-1] o.a.k.c.c.internals.ConsumerCoordinator  : [Consumer clientId=consumer-mail-service-group-3, groupId=mail-service-group] Requesting disconnect from last known coordinator localhost:9092 (id: 2147483646 rack: null)
2025-12-08T17:40:00.706+05:30  INFO 57781 --- [mail-service] [ntainer#0-0-C-1] o.a.k.c.c.internals.ConsumerCoordinator  : [Consumer clientId=consumer-mail-service-group-7, groupId=mail-service-group] Requesting disconnect from last known coordinator localhost:9092 (id: 2147483646 rack: null)
2025-12-08T17:40:00.728+05:30  INFO 57781 --- [mail-service] [ntainer#1-0-C-1] o.a.k.c.c.internals.ConsumerCoordinator  : [Consumer clientId=consumer-mail-service-group-8, groupId=mail-service-group] Discovered group coordinator localhost:9092 (id: 2147483646 rack: null)
2025-12-08T17:40:00.728+05:30  INFO 57781 --- [mail-service] [ntainer#3-0-C-1] o.a.k.c.c.internals.ConsumerCoordinator  : [Consumer clientId=consumer-mail-service-group-4, groupId=mail-service-group] Discovered group coordinator localhost:9092 (id: 2147483646 rack: null)
2025-12-08T17:40:00.750+05:30  INFO 57781 --- [mail-service] [ntainer#7-0-C-1] o.a.k.c.c.internals.ConsumerCoordinator  : [Consumer clientId=consumer-mail-service-group-2, groupId=mail-service-group] Discovered group coordinator localhost:9092 (id: 2147483646 rack: null)
2025-12-08T17:40:00.780+05:30  INFO 57781 --- [mail-service] [ntainer#6-0-C-1] o.a.k.c.c.internals.ConsumerCoordinator  : [Consumer clientId=consumer-mail-service-group-1, groupId=mail-service-group] Discovered group coordinator localhost:9092 (id: 2147483646 rack: null)
2025-12-08T17:40:00.818+05:30  INFO 57781 --- [mail-service] [ntainer#0-0-C-1] o.a.k.c.c.internals.ConsumerCoordinator  : [Consumer clientId=consumer-mail-service-group-7, groupId=mail-service-group] Discovered group coordinator localhost:9092 (id: 2147483646 rack: null)
2025-12-08T17:40:00.862+05:30  INFO 57781 --- [mail-service] [ntainer#2-0-C-1] o.a.k.c.c.internals.ConsumerCoordinator  : [Consumer clientId=consumer-mail-service-group-3, groupId=mail-service-group] Discovered group coordinator localhost:9092 (id: 2147483646 rack: null)
2025-12-08T17:40:05.748+05:30  INFO 57781 --- [mail-service] [ngodb.net:27017] org.mongodb.driver.cluster               : Exception in monitor thread while connecting to server ac-bi9capp-shard-00-02.uziojbv.mongodb.net:27017

com.mongodb.MongoSocketReadTimeoutException: Timeout while receiving message
	at com.mongodb.internal.connection.InternalStreamConnection.createReadTimeoutException(InternalStreamConnection.java:819) ~[mongodb-driver-core-5.5.1.jar:na]
	at com.mongodb.internal.connection.InternalStreamConnection.translateReadException(InternalStreamConnection.java:807) ~[mongodb-driver-core-5.5.1.jar:na]
	at com.mongodb.internal.connection.InternalStreamConnection.receiveResponseBuffers(InternalStreamConnection.java:857) ~[mongodb-driver-core-5.5.1.jar:na]
	at com.mongodb.internal.connection.InternalStreamConnection.receiveCommandMessageResponse(InternalStreamConnection.java:517) ~[mongodb-driver-core-5.5.1.jar:na]
	at com.mongodb.internal.connection.InternalStreamConnection.receive(InternalStreamConnection.java:469) ~[mongodb-driver-core-5.5.1.jar:na]
	at com.mongodb.internal.connection.DefaultServerMonitor$ServerMonitor.lookupServerDescription(DefaultServerMonitor.java:249) ~[mongodb-driver-core-5.5.1.jar:na]
	at com.mongodb.internal.connection.DefaultServerMonitor$ServerMonitor.run(DefaultServerMonitor.java:176) ~[mongodb-driver-core-5.5.1.jar:na]
Caused by: java.net.SocketTimeoutException: Read timed out
	at java.base/sun.nio.ch.NioSocketImpl.timedRead(NioSocketImpl.java:277) ~[na:na]
	at java.base/sun.nio.ch.NioSocketImpl.implRead(NioSocketImpl.java:302) ~[na:na]
	at java.base/sun.nio.ch.NioSocketImpl.read(NioSocketImpl.java:354) ~[na:na]
	at java.base/sun.nio.ch.NioSocketImpl$1.read(NioSocketImpl.java:798) ~[na:na]
	at java.base/java.net.Socket$SocketInputStream.implRead(Socket.java:974) ~[na:na]
	at java.base/java.net.Socket$SocketInputStream.read(Socket.java:964) ~[na:na]
	at java.base/sun.security.ssl.SSLSocketInputRecord.read(SSLSocketInputRecord.java:489) ~[na:na]
	at java.base/sun.security.ssl.SSLSocketInputRecord.readHeader(SSLSocketInputRecord.java:483) ~[na:na]
	at java.base/sun.security.ssl.SSLSocketInputRecord.bytesInCompletePacket(SSLSocketInputRecord.java:70) ~[na:na]
	at java.base/sun.security.ssl.SSLSocketImpl.readApplicationRecord(SSLSocketImpl.java:1461) ~[na:na]
	at java.base/sun.security.ssl.SSLSocketImpl$AppInputStream.read(SSLSocketImpl.java:1068) ~[na:na]
	at com.mongodb.internal.connection.SocketStream.read(SocketStream.java:182) ~[mongodb-driver-core-5.5.1.jar:na]
	at com.mongodb.internal.connection.InternalStreamConnection.receiveResponseBuffers(InternalStreamConnection.java:824) ~[mongodb-driver-core-5.5.1.jar:na]
	... 4 common frames omitted

2025-12-08T17:40:05.748+05:30  INFO 57781 --- [mail-service] [ngodb.net:27017] org.mongodb.driver.cluster               : Exception in monitor thread while connecting to server ac-bi9capp-shard-00-01.uziojbv.mongodb.net:27017

com.mongodb.MongoSocketReadTimeoutException: Timeout while receiving message
	at com.mongodb.internal.connection.InternalStreamConnection.createReadTimeoutException(InternalStreamConnection.java:819) ~[mongodb-driver-core-5.5.1.jar:na]
	at com.mongodb.internal.connection.InternalStreamConnection.translateReadException(InternalStreamConnection.java:807) ~[mongodb-driver-core-5.5.1.jar:na]
	at com.mongodb.internal.connection.InternalStreamConnection.receiveResponseBuffers(InternalStreamConnection.java:857) ~[mongodb-driver-core-5.5.1.jar:na]
	at com.mongodb.internal.connection.InternalStreamConnection.receiveCommandMessageResponse(InternalStreamConnection.java:517) ~[mongodb-driver-core-5.5.1.jar:na]
	at com.mongodb.internal.connection.InternalStreamConnection.receive(InternalStreamConnection.java:469) ~[mongodb-driver-core-5.5.1.jar:na]
	at com.mongodb.internal.connection.DefaultServerMonitor$ServerMonitor.lookupServerDescription(DefaultServerMonitor.java:249) ~[mongodb-driver-core-5.5.1.jar:na]
	at com.mongodb.internal.connection.DefaultServerMonitor$ServerMonitor.run(DefaultServerMonitor.java:176) ~[mongodb-driver-core-5.5.1.jar:na]
Caused by: java.net.SocketTimeoutException: Read timed out
	at java.base/sun.nio.ch.NioSocketImpl.timedRead(NioSocketImpl.java:277) ~[na:na]
	at java.base/sun.nio.ch.NioSocketImpl.implRead(NioSocketImpl.java:302) ~[na:na]
	at java.base/sun.nio.ch.NioSocketImpl.read(NioSocketImpl.java:354) ~[na:na]
	at java.base/sun.nio.ch.NioSocketImpl$1.read(NioSocketImpl.java:798) ~[na:na]
	at java.base/java.net.Socket$SocketInputStream.implRead(Socket.java:974) ~[na:na]
	at java.base/java.net.Socket$SocketInputStream.read(Socket.java:964) ~[na:na]
	at java.base/sun.security.ssl.SSLSocketInputRecord.read(SSLSocketInputRecord.java:489) ~[na:na]
	at java.base/sun.security.ssl.SSLSocketInputRecord.readHeader(SSLSocketInputRecord.java:483) ~[na:na]
	at java.base/sun.security.ssl.SSLSocketInputRecord.bytesInCompletePacket(SSLSocketInputRecord.java:70) ~[na:na]
	at java.base/sun.security.ssl.SSLSocketImpl.readApplicationRecord(SSLSocketImpl.java:1461) ~[na:na]
	at java.base/sun.security.ssl.SSLSocketImpl$AppInputStream.read(SSLSocketImpl.java:1068) ~[na:na]
	at com.mongodb.internal.connection.SocketStream.read(SocketStream.java:182) ~[mongodb-driver-core-5.5.1.jar:na]
	at com.mongodb.internal.connection.InternalStreamConnection.receiveResponseBuffers(InternalStreamConnection.java:824) ~[mongodb-driver-core-5.5.1.jar:na]
	... 4 common frames omitted

2025-12-08T17:40:05.877+05:30  INFO 57781 --- [mail-service] [ngodb.net:27017] org.mongodb.driver.cluster               : Exception in monitor thread while connecting to server ac-bi9capp-shard-00-00.uziojbv.mongodb.net:27017

com.mongodb.MongoSocketReadTimeoutException: Timeout while receiving message
	at com.mongodb.internal.connection.InternalStreamConnection.createReadTimeoutException(InternalStreamConnection.java:819) ~[mongodb-driver-core-5.5.1.jar:na]
	at com.mongodb.internal.connection.InternalStreamConnection.translateReadException(InternalStreamConnection.java:807) ~[mongodb-driver-core-5.5.1.jar:na]
	at com.mongodb.internal.connection.InternalStreamConnection.receiveResponseBuffers(InternalStreamConnection.java:857) ~[mongodb-driver-core-5.5.1.jar:na]
	at com.mongodb.internal.connection.InternalStreamConnection.receiveCommandMessageResponse(InternalStreamConnection.java:517) ~[mongodb-driver-core-5.5.1.jar:na]
	at com.mongodb.internal.connection.InternalStreamConnection.receive(InternalStreamConnection.java:469) ~[mongodb-driver-core-5.5.1.jar:na]
	at com.mongodb.internal.connection.DefaultServerMonitor$ServerMonitor.lookupServerDescription(DefaultServerMonitor.java:249) ~[mongodb-driver-core-5.5.1.jar:na]
	at com.mongodb.internal.connection.DefaultServerMonitor$ServerMonitor.run(DefaultServerMonitor.java:176) ~[mongodb-driver-core-5.5.1.jar:na]
Caused by: java.net.SocketTimeoutException: Read timed out
	at java.base/sun.nio.ch.NioSocketImpl.timedRead(NioSocketImpl.java:277) ~[na:na]
	at java.base/sun.nio.ch.NioSocketImpl.implRead(NioSocketImpl.java:302) ~[na:na]
	at java.base/sun.nio.ch.NioSocketImpl.read(NioSocketImpl.java:354) ~[na:na]
	at java.base/sun.nio.ch.NioSocketImpl$1.read(NioSocketImpl.java:798) ~[na:na]
	at java.base/java.net.Socket$SocketInputStream.implRead(Socket.java:974) ~[na:na]
	at java.base/java.net.Socket$SocketInputStream.read(Socket.java:964) ~[na:na]
	at java.base/sun.security.ssl.SSLSocketInputRecord.read(SSLSocketInputRecord.java:489) ~[na:na]
	at java.base/sun.security.ssl.SSLSocketInputRecord.readHeader(SSLSocketInputRecord.java:483) ~[na:na]
	at java.base/sun.security.ssl.SSLSocketInputRecord.bytesInCompletePacket(SSLSocketInputRecord.java:70) ~[na:na]
	at java.base/sun.security.ssl.SSLSocketImpl.readApplicationRecord(SSLSocketImpl.java:1461) ~[na:na]
	at java.base/sun.security.ssl.SSLSocketImpl$AppInputStream.read(SSLSocketImpl.java:1068) ~[na:na]
	at com.mongodb.internal.connection.SocketStream.read(SocketStream.java:182) ~[mongodb-driver-core-5.5.1.jar:na]
	at com.mongodb.internal.connection.InternalStreamConnection.receiveResponseBuffers(InternalStreamConnection.java:824) ~[mongodb-driver-core-5.5.1.jar:na]
	... 4 common frames omitted

2025-12-08T17:40:05.891+05:30  INFO 57781 --- [mail-service] [ngodb.net:27017] org.mongodb.driver.cluster               : Monitor thread successfully connected to server with description ServerDescription{address=ac-bi9capp-shard-00-01.uziojbv.mongodb.net:27017, type=REPLICA_SET_PRIMARY, cryptd=false, state=CONNECTED, ok=true, minWireVersion=0, maxWireVersion=25, maxDocumentSize=16777216, logicalSessionTimeoutMinutes=30, roundTripTimeNanos=92931916, minRoundTripTimeNanos=0, setName='atlas-ucrn9o-shard-0', canonicalAddress=ac-bi9capp-shard-00-01.uziojbv.mongodb.net:27017, hosts=[ac-bi9capp-shard-00-01.uziojbv.mongodb.net:27017, ac-bi9capp-shard-00-02.uziojbv.mongodb.net:27017, ac-bi9capp-shard-00-00.uziojbv.mongodb.net:27017], passives=[], arbiters=[], primary='ac-bi9capp-shard-00-01.uziojbv.mongodb.net:27017', tagSet=TagSet{[Tag{name='availabilityZone', value='aps1-az3'}, Tag{name='diskState', value='READY'}, Tag{name='nodeType', value='ELECTABLE'}, Tag{name='provider', value='AWS'}, Tag{name='region', value='AP_SOUTH_1'}, Tag{name='workloadType', value='OPERATIONAL'}]}, electionId=7fffffff00000000000001b6, setVersion=273, topologyVersion=TopologyVersion{processId=691cb45322c16c3e98f44761, counter=6}, lastWriteDate=Mon Dec 08 17:40:05 IST 2025, lastUpdateTimeNanos=2424464437987583}
2025-12-08T17:40:05.891+05:30  INFO 57781 --- [mail-service] [ngodb.net:27017] org.mongodb.driver.cluster               : Discovered replica set primary ac-bi9capp-shard-00-01.uziojbv.mongodb.net:27017 with max election id 7fffffff00000000000001b6 and max set version 273
2025-12-08T17:40:06.003+05:30  INFO 57781 --- [mail-service] [ngodb.net:27017] org.mongodb.driver.cluster               : Monitor thread successfully connected to server with description ServerDescription{address=ac-bi9capp-shard-00-00.uziojbv.mongodb.net:27017, type=REPLICA_SET_SECONDARY, cryptd=false, state=CONNECTED, ok=true, minWireVersion=0, maxWireVersion=25, maxDocumentSize=16777216, logicalSessionTimeoutMinutes=30, roundTripTimeNanos=83730333, minRoundTripTimeNanos=0, setName='atlas-ucrn9o-shard-0', canonicalAddress=ac-bi9capp-shard-00-00.uziojbv.mongodb.net:27017, hosts=[ac-bi9capp-shard-00-01.uziojbv.mongodb.net:27017, ac-bi9capp-shard-00-02.uziojbv.mongodb.net:27017, ac-bi9capp-shard-00-00.uziojbv.mongodb.net:27017], passives=[], arbiters=[], primary='ac-bi9capp-shard-00-01.uziojbv.mongodb.net:27017', tagSet=TagSet{[Tag{name='availabilityZone', value='aps1-az1'}, Tag{name='diskState', value='READY'}, Tag{name='nodeType', value='ELECTABLE'}, Tag{name='provider', value='AWS'}, Tag{name='region', value='AP_SOUTH_1'}, Tag{name='workloadType', value='OPERATIONAL'}]}, electionId=null, setVersion=273, topologyVersion=TopologyVersion{processId=691cb1e721397969e83851e7, counter=4}, lastWriteDate=Mon Dec 08 17:40:05 IST 2025, lastUpdateTimeNanos=2424464549979208}
2025-12-08T17:40:06.072+05:30  INFO 57781 --- [mail-service] [ngodb.net:27017] org.mongodb.driver.cluster               : Monitor thread successfully connected to server with description ServerDescription{address=ac-bi9capp-shard-00-02.uziojbv.mongodb.net:27017, type=REPLICA_SET_SECONDARY, cryptd=false, state=CONNECTED, ok=true, minWireVersion=0, maxWireVersion=25, maxDocumentSize=16777216, logicalSessionTimeoutMinutes=30, roundTripTimeNanos=89016958, minRoundTripTimeNanos=0, setName='atlas-ucrn9o-shard-0', canonicalAddress=ac-bi9capp-shard-00-02.uziojbv.mongodb.net:27017, hosts=[ac-bi9capp-shard-00-01.uziojbv.mongodb.net:27017, ac-bi9capp-shard-00-02.uziojbv.mongodb.net:27017, ac-bi9capp-shard-00-00.uziojbv.mongodb.net:27017], passives=[], arbiters=[], primary='ac-bi9capp-shard-00-01.uziojbv.mongodb.net:27017', tagSet=TagSet{[Tag{name='availabilityZone', value='aps1-az2'}, Tag{name='diskState', value='READY'}, Tag{name='nodeType', value='ELECTABLE'}, Tag{name='provider', value='AWS'}, Tag{name='region', value='AP_SOUTH_1'}, Tag{name='workloadType', value='OPERATIONAL'}]}, electionId=null, setVersion=273, topologyVersion=TopologyVersion{processId=691cb72d909b75ec212f555d, counter=3}, lastWriteDate=Mon Dec 08 17:40:05 IST 2025, lastUpdateTimeNanos=2424464618890916}
2025-12-08T17:49:14.149+05:30  INFO 57781 --- [mail-service] [l-service-group] o.a.k.c.c.internals.ConsumerCoordinator  : [Consumer clientId=consumer-mail-service-group-8, groupId=mail-service-group] Group coordinator localhost:9092 (id: 2147483646 rack: null) is unavailable or invalid due to cause: session timed out without receiving a heartbeat response. isDisconnected: false. Rediscovery will be attempted.
2025-12-08T17:49:14.149+05:30  INFO 57781 --- [mail-service] [l-service-group] o.a.k.c.c.internals.ConsumerCoordinator  : [Consumer clientId=consumer-mail-service-group-2, groupId=mail-service-group] Group coordinator localhost:9092 (id: 2147483646 rack: null) is unavailable or invalid due to cause: session timed out without receiving a heartbeat response. isDisconnected: false. Rediscovery will be attempted.
2025-12-08T17:49:14.149+05:30  INFO 57781 --- [mail-service] [l-service-group] o.a.k.c.c.internals.ConsumerCoordinator  : [Consumer clientId=consumer-mail-service-group-3, groupId=mail-service-group] Group coordinator localhost:9092 (id: 2147483646 rack: null) is unavailable or invalid due to cause: session timed out without receiving a heartbeat response. isDisconnected: false. Rediscovery will be attempted.
2025-12-08T17:49:14.149+05:30  INFO 57781 --- [mail-service] [l-service-group] o.a.k.c.c.internals.ConsumerCoordinator  : [Consumer clientId=consumer-mail-service-group-5, groupId=mail-service-group] Group coordinator localhost:9092 (id: 2147483646 rack: null) is unavailable or invalid due to cause: session timed out without receiving a heartbeat response. isDisconnected: false. Rediscovery will be attempted.
2025-12-08T17:49:14.149+05:30  INFO 57781 --- [mail-service] [l-service-group] o.a.k.c.c.internals.ConsumerCoordinator  : [Consumer clientId=consumer-mail-service-group-6, groupId=mail-service-group] Group coordinator localhost:9092 (id: 2147483646 rack: null) is unavailable or invalid due to cause: session timed out without receiving a heartbeat response. isDisconnected: false. Rediscovery will be attempted.
2025-12-08T17:49:14.158+05:30  INFO 57781 --- [mail-service] [l-service-group] o.a.k.c.c.internals.ConsumerCoordinator  : [Consumer clientId=consumer-mail-service-group-5, groupId=mail-service-group] Requesting disconnect from last known coordinator localhost:9092 (id: 2147483646 rack: null)
2025-12-08T17:49:14.154+05:30  INFO 57781 --- [mail-service] [l-service-group] o.a.k.c.c.internals.ConsumerCoordinator  : [Consumer clientId=consumer-mail-service-group-8, groupId=mail-service-group] Requesting disconnect from last known coordinator localhost:9092 (id: 2147483646 rack: null)
2025-12-08T17:49:14.158+05:30  INFO 57781 --- [mail-service] [l-service-group] o.a.k.c.c.internals.ConsumerCoordinator  : [Consumer clientId=consumer-mail-service-group-6, groupId=mail-service-group] Requesting disconnect from last known coordinator localhost:9092 (id: 2147483646 rack: null)
2025-12-08T17:49:14.158+05:30  INFO 57781 --- [mail-service] [l-service-group] o.a.k.c.c.internals.ConsumerCoordinator  : [Consumer clientId=consumer-mail-service-group-3, groupId=mail-service-group] Requesting disconnect from last known coordinator localhost:9092 (id: 2147483646 rack: null)
2025-12-08T17:49:14.158+05:30  INFO 57781 --- [mail-service] [l-service-group] org.apache.kafka.clients.NetworkClient   : [Consumer clientId=consumer-mail-service-group-8, groupId=mail-service-group] Client requested disconnect from node 2147483646
2025-12-08T17:49:14.158+05:30  INFO 57781 --- [mail-service] [l-service-group] org.apache.kafka.clients.NetworkClient   : [Consumer clientId=consumer-mail-service-group-6, groupId=mail-service-group] Client requested disconnect from node 2147483646
2025-12-08T17:49:14.158+05:30  INFO 57781 --- [mail-service] [l-service-group] org.apache.kafka.clients.NetworkClient   : [Consumer clientId=consumer-mail-service-group-5, groupId=mail-service-group] Client requested disconnect from node 2147483646
2025-12-08T17:49:14.158+05:30  INFO 57781 --- [mail-service] [l-service-group] org.apache.kafka.clients.NetworkClient   : [Consumer clientId=consumer-mail-service-group-3, groupId=mail-service-group] Client requested disconnect from node 2147483646
2025-12-08T17:49:14.157+05:30  INFO 57781 --- [mail-service] [l-service-group] o.a.k.c.c.internals.ConsumerCoordinator  : [Consumer clientId=consumer-mail-service-group-2, groupId=mail-service-group] Requesting disconnect from last known coordinator localhost:9092 (id: 2147483646 rack: null)
2025-12-08T17:49:14.149+05:30  INFO 57781 --- [mail-service] [l-service-group] o.a.k.c.c.internals.ConsumerCoordinator  : [Consumer clientId=consumer-mail-service-group-7, groupId=mail-service-group] Group coordinator localhost:9092 (id: 2147483646 rack: null) is unavailable or invalid due to cause: session timed out without receiving a heartbeat response. isDisconnected: false. Rediscovery will be attempted.
2025-12-08T17:49:14.223+05:30  INFO 57781 --- [mail-service] [l-service-group] o.a.k.c.c.internals.ConsumerCoordinator  : [Consumer clientId=consumer-mail-service-group-7, groupId=mail-service-group] Requesting disconnect from last known coordinator localhost:9092 (id: 2147483646 rack: null)
2025-12-08T17:49:14.149+05:30  INFO 57781 --- [mail-service] [l-service-group] o.a.k.c.c.internals.ConsumerCoordinator  : [Consumer clientId=consumer-mail-service-group-1, groupId=mail-service-group] Group coordinator localhost:9092 (id: 2147483646 rack: null) is unavailable or invalid due to cause: session timed out without receiving a heartbeat response. isDisconnected: false. Rediscovery will be attempted.
2025-12-08T17:49:14.179+05:30  INFO 57781 --- [mail-service] [l-service-group] o.a.k.c.c.internals.ConsumerCoordinator  : [Consumer clientId=consumer-mail-service-group-4, groupId=mail-service-group] Group coordinator localhost:9092 (id: 2147483646 rack: null) is unavailable or invalid due to cause: session timed out without receiving a heartbeat response. isDisconnected: false. Rediscovery will be attempted.
2025-12-08T17:49:14.279+05:30  INFO 57781 --- [mail-service] [l-service-group] org.apache.kafka.clients.NetworkClient   : [Consumer clientId=consumer-mail-service-group-7, groupId=mail-service-group] Client requested disconnect from node 2147483646
2025-12-08T17:49:14.363+05:30  INFO 57781 --- [mail-service] [l-service-group] o.a.k.c.c.internals.ConsumerCoordinator  : [Consumer clientId=consumer-mail-service-group-4, groupId=mail-service-group] Requesting disconnect from last known coordinator localhost:9092 (id: 2147483646 rack: null)
2025-12-08T17:49:14.364+05:30  INFO 57781 --- [mail-service] [l-service-group] org.apache.kafka.clients.NetworkClient   : [Consumer clientId=consumer-mail-service-group-4, groupId=mail-service-group] Client requested disconnect from node 2147483646
2025-12-08T17:49:14.196+05:30  INFO 57781 --- [mail-service] [l-service-group] org.apache.kafka.clients.NetworkClient   : [Consumer clientId=consumer-mail-service-group-2, groupId=mail-service-group] Client requested disconnect from node 2147483646
2025-12-08T17:49:14.344+05:30  INFO 57781 --- [mail-service] [l-service-group] o.a.k.c.c.internals.ConsumerCoordinator  : [Consumer clientId=consumer-mail-service-group-1, groupId=mail-service-group] Requesting disconnect from last known coordinator localhost:9092 (id: 2147483646 rack: null)
2025-12-08T17:49:14.387+05:30  INFO 57781 --- [mail-service] [l-service-group] org.apache.kafka.clients.NetworkClient   : [Consumer clientId=consumer-mail-service-group-1, groupId=mail-service-group] Client requested disconnect from node 2147483646
2025-12-08T17:49:14.702+05:30  INFO 57781 --- [mail-service] [ntainer#1-0-C-1] o.a.k.c.c.internals.ConsumerCoordinator  : [Consumer clientId=consumer-mail-service-group-8, groupId=mail-service-group] Discovered group coordinator localhost:9092 (id: 2147483646 rack: null)
2025-12-08T17:49:14.719+05:30  INFO 57781 --- [mail-service] [ntainer#5-0-C-1] o.a.k.c.c.internals.ConsumerCoordinator  : [Consumer clientId=consumer-mail-service-group-6, groupId=mail-service-group] Discovered group coordinator localhost:9092 (id: 2147483646 rack: null)
2025-12-08T17:49:14.723+05:30  INFO 57781 --- [mail-service] [ntainer#2-0-C-1] o.a.k.c.c.internals.ConsumerCoordinator  : [Consumer clientId=consumer-mail-service-group-3, groupId=mail-service-group] Discovered group coordinator localhost:9092 (id: 2147483646 rack: null)
2025-12-08T17:49:14.724+05:30  INFO 57781 --- [mail-service] [ntainer#6-0-C-1] o.a.k.c.c.internals.ConsumerCoordinator  : [Consumer clientId=consumer-mail-service-group-1, groupId=mail-service-group] Discovered group coordinator localhost:9092 (id: 2147483646 rack: null)
2025-12-08T17:49:14.748+05:30  INFO 57781 --- [mail-service] [ntainer#0-0-C-1] o.a.k.c.c.internals.ConsumerCoordinator  : [Consumer clientId=consumer-mail-service-group-7, groupId=mail-service-group] Discovered group coordinator localhost:9092 (id: 2147483646 rack: null)
2025-12-08T17:49:14.819+05:30  INFO 57781 --- [mail-service] [ntainer#3-0-C-1] o.a.k.c.c.internals.ConsumerCoordinator  : [Consumer clientId=consumer-mail-service-group-4, groupId=mail-service-group] Discovered group coordinator localhost:9092 (id: 2147483646 rack: null)
2025-12-08T17:49:14.869+05:30  INFO 57781 --- [mail-service] [ntainer#7-0-C-1] o.a.k.c.c.internals.ConsumerCoordinator  : [Consumer clientId=consumer-mail-service-group-2, groupId=mail-service-group] Discovered group coordinator localhost:9092 (id: 2147483646 rack: null)
2025-12-08T17:49:15.088+05:30  INFO 57781 --- [mail-service] [ntainer#4-0-C-1] o.a.k.c.c.internals.ConsumerCoordinator  : [Consumer clientId=consumer-mail-service-group-5, groupId=mail-service-group] Discovered group coordinator localhost:9092 (id: 2147483646 rack: null)
2025-12-08T17:49:31.225+05:30  INFO 57781 --- [mail-service] [ngodb.net:27017] org.mongodb.driver.cluster               : Exception in monitor thread while connecting to server ac-bi9capp-shard-00-01.uziojbv.mongodb.net:27017

com.mongodb.MongoSocketReadTimeoutException: Timeout while receiving message
	at com.mongodb.internal.connection.InternalStreamConnection.createReadTimeoutException(InternalStreamConnection.java:819) ~[mongodb-driver-core-5.5.1.jar:na]
	at com.mongodb.internal.connection.InternalStreamConnection.translateReadException(InternalStreamConnection.java:807) ~[mongodb-driver-core-5.5.1.jar:na]
	at com.mongodb.internal.connection.InternalStreamConnection.receiveResponseBuffers(InternalStreamConnection.java:857) ~[mongodb-driver-core-5.5.1.jar:na]
	at com.mongodb.internal.connection.InternalStreamConnection.receiveCommandMessageResponse(InternalStreamConnection.java:517) ~[mongodb-driver-core-5.5.1.jar:na]
	at com.mongodb.internal.connection.InternalStreamConnection.receive(InternalStreamConnection.java:469) ~[mongodb-driver-core-5.5.1.jar:na]
	at com.mongodb.internal.connection.DefaultServerMonitor$ServerMonitor.lookupServerDescription(DefaultServerMonitor.java:249) ~[mongodb-driver-core-5.5.1.jar:na]
	at com.mongodb.internal.connection.DefaultServerMonitor$ServerMonitor.run(DefaultServerMonitor.java:176) ~[mongodb-driver-core-5.5.1.jar:na]
Caused by: java.net.SocketTimeoutException: Read timed out
	at java.base/sun.nio.ch.NioSocketImpl.timedRead(NioSocketImpl.java:277) ~[na:na]
	at java.base/sun.nio.ch.NioSocketImpl.implRead(NioSocketImpl.java:302) ~[na:na]
	at java.base/sun.nio.ch.NioSocketImpl.read(NioSocketImpl.java:354) ~[na:na]
	at java.base/sun.nio.ch.NioSocketImpl$1.read(NioSocketImpl.java:798) ~[na:na]
	at java.base/java.net.Socket$SocketInputStream.implRead(Socket.java:974) ~[na:na]
	at java.base/java.net.Socket$SocketInputStream.read(Socket.java:964) ~[na:na]
	at java.base/sun.security.ssl.SSLSocketInputRecord.read(SSLSocketInputRecord.java:489) ~[na:na]
	at java.base/sun.security.ssl.SSLSocketInputRecord.readHeader(SSLSocketInputRecord.java:483) ~[na:na]
	at java.base/sun.security.ssl.SSLSocketInputRecord.bytesInCompletePacket(SSLSocketInputRecord.java:70) ~[na:na]
	at java.base/sun.security.ssl.SSLSocketImpl.readApplicationRecord(SSLSocketImpl.java:1461) ~[na:na]
	at java.base/sun.security.ssl.SSLSocketImpl$AppInputStream.read(SSLSocketImpl.java:1068) ~[na:na]
	at com.mongodb.internal.connection.SocketStream.read(SocketStream.java:182) ~[mongodb-driver-core-5.5.1.jar:na]
	at com.mongodb.internal.connection.InternalStreamConnection.receiveResponseBuffers(InternalStreamConnection.java:824) ~[mongodb-driver-core-5.5.1.jar:na]
	... 4 common frames omitted

2025-12-08T17:49:31.328+05:30  INFO 57781 --- [mail-service] [ngodb.net:27017] org.mongodb.driver.cluster               : Exception in monitor thread while connecting to server ac-bi9capp-shard-00-00.uziojbv.mongodb.net:27017

com.mongodb.MongoSocketReadTimeoutException: Timeout while receiving message
	at com.mongodb.internal.connection.InternalStreamConnection.createReadTimeoutException(InternalStreamConnection.java:819) ~[mongodb-driver-core-5.5.1.jar:na]
	at com.mongodb.internal.connection.InternalStreamConnection.translateReadException(InternalStreamConnection.java:807) ~[mongodb-driver-core-5.5.1.jar:na]
	at com.mongodb.internal.connection.InternalStreamConnection.receiveResponseBuffers(InternalStreamConnection.java:857) ~[mongodb-driver-core-5.5.1.jar:na]
	at com.mongodb.internal.connection.InternalStreamConnection.receiveCommandMessageResponse(InternalStreamConnection.java:517) ~[mongodb-driver-core-5.5.1.jar:na]
	at com.mongodb.internal.connection.InternalStreamConnection.receive(InternalStreamConnection.java:469) ~[mongodb-driver-core-5.5.1.jar:na]
	at com.mongodb.internal.connection.DefaultServerMonitor$ServerMonitor.lookupServerDescription(DefaultServerMonitor.java:249) ~[mongodb-driver-core-5.5.1.jar:na]
	at com.mongodb.internal.connection.DefaultServerMonitor$ServerMonitor.run(DefaultServerMonitor.java:176) ~[mongodb-driver-core-5.5.1.jar:na]
Caused by: java.net.SocketTimeoutException: Read timed out
	at java.base/sun.nio.ch.NioSocketImpl.timedRead(NioSocketImpl.java:277) ~[na:na]
	at java.base/sun.nio.ch.NioSocketImpl.implRead(NioSocketImpl.java:302) ~[na:na]
	at java.base/sun.nio.ch.NioSocketImpl.read(NioSocketImpl.java:354) ~[na:na]
	at java.base/sun.nio.ch.NioSocketImpl$1.read(NioSocketImpl.java:798) ~[na:na]
	at java.base/java.net.Socket$SocketInputStream.implRead(Socket.java:974) ~[na:na]
	at java.base/java.net.Socket$SocketInputStream.read(Socket.java:964) ~[na:na]
	at java.base/sun.security.ssl.SSLSocketInputRecord.read(SSLSocketInputRecord.java:489) ~[na:na]
	at java.base/sun.security.ssl.SSLSocketInputRecord.readHeader(SSLSocketInputRecord.java:483) ~[na:na]
	at java.base/sun.security.ssl.SSLSocketInputRecord.bytesInCompletePacket(SSLSocketInputRecord.java:70) ~[na:na]
	at java.base/sun.security.ssl.SSLSocketImpl.readApplicationRecord(SSLSocketImpl.java:1461) ~[na:na]
	at java.base/sun.security.ssl.SSLSocketImpl$AppInputStream.read(SSLSocketImpl.java:1068) ~[na:na]
	at com.mongodb.internal.connection.SocketStream.read(SocketStream.java:182) ~[mongodb-driver-core-5.5.1.jar:na]
	at com.mongodb.internal.connection.InternalStreamConnection.receiveResponseBuffers(InternalStreamConnection.java:824) ~[mongodb-driver-core-5.5.1.jar:na]
	... 4 common frames omitted

2025-12-08T17:49:31.377+05:30  INFO 57781 --- [mail-service] [ngodb.net:27017] org.mongodb.driver.cluster               : Monitor thread successfully connected to server with description ServerDescription{address=ac-bi9capp-shard-00-01.uziojbv.mongodb.net:27017, type=REPLICA_SET_PRIMARY, cryptd=false, state=CONNECTED, ok=true, minWireVersion=0, maxWireVersion=25, maxDocumentSize=16777216, logicalSessionTimeoutMinutes=30, roundTripTimeNanos=96574833, minRoundTripTimeNanos=0, setName='atlas-ucrn9o-shard-0', canonicalAddress=ac-bi9capp-shard-00-01.uziojbv.mongodb.net:27017, hosts=[ac-bi9capp-shard-00-01.uziojbv.mongodb.net:27017, ac-bi9capp-shard-00-02.uziojbv.mongodb.net:27017, ac-bi9capp-shard-00-00.uziojbv.mongodb.net:27017], passives=[], arbiters=[], primary='ac-bi9capp-shard-00-01.uziojbv.mongodb.net:27017', tagSet=TagSet{[Tag{name='availabilityZone', value='aps1-az3'}, Tag{name='diskState', value='READY'}, Tag{name='nodeType', value='ELECTABLE'}, Tag{name='provider', value='AWS'}, Tag{name='region', value='AP_SOUTH_1'}, Tag{name='workloadType', value='OPERATIONAL'}]}, electionId=7fffffff00000000000001b6, setVersion=273, topologyVersion=TopologyVersion{processId=691cb45322c16c3e98f44761, counter=6}, lastWriteDate=Mon Dec 08 17:49:31 IST 2025, lastUpdateTimeNanos=2424484599779250}
2025-12-08T17:49:31.377+05:30  INFO 57781 --- [mail-service] [ngodb.net:27017] org.mongodb.driver.cluster               : Discovered replica set primary ac-bi9capp-shard-00-01.uziojbv.mongodb.net:27017 with max election id 7fffffff00000000000001b6 and max set version 273
2025-12-08T17:49:31.398+05:30  INFO 57781 --- [mail-service] [ngodb.net:27017] org.mongodb.driver.cluster               : Exception in monitor thread while connecting to server ac-bi9capp-shard-00-02.uziojbv.mongodb.net:27017

com.mongodb.MongoSocketReadTimeoutException: Timeout while receiving message
	at com.mongodb.internal.connection.InternalStreamConnection.createReadTimeoutException(InternalStreamConnection.java:819) ~[mongodb-driver-core-5.5.1.jar:na]
	at com.mongodb.internal.connection.InternalStreamConnection.translateReadException(InternalStreamConnection.java:807) ~[mongodb-driver-core-5.5.1.jar:na]
	at com.mongodb.internal.connection.InternalStreamConnection.receiveResponseBuffers(InternalStreamConnection.java:857) ~[mongodb-driver-core-5.5.1.jar:na]
	at com.mongodb.internal.connection.InternalStreamConnection.receiveCommandMessageResponse(InternalStreamConnection.java:517) ~[mongodb-driver-core-5.5.1.jar:na]
	at com.mongodb.internal.connection.InternalStreamConnection.receive(InternalStreamConnection.java:469) ~[mongodb-driver-core-5.5.1.jar:na]
	at com.mongodb.internal.connection.DefaultServerMonitor$ServerMonitor.lookupServerDescription(DefaultServerMonitor.java:249) ~[mongodb-driver-core-5.5.1.jar:na]
	at com.mongodb.internal.connection.DefaultServerMonitor$ServerMonitor.run(DefaultServerMonitor.java:176) ~[mongodb-driver-core-5.5.1.jar:na]
Caused by: java.net.SocketTimeoutException: Read timed out
	at java.base/sun.nio.ch.NioSocketImpl.timedRead(NioSocketImpl.java:277) ~[na:na]
	at java.base/sun.nio.ch.NioSocketImpl.implRead(NioSocketImpl.java:302) ~[na:na]
	at java.base/sun.nio.ch.NioSocketImpl.read(NioSocketImpl.java:354) ~[na:na]
	at java.base/sun.nio.ch.NioSocketImpl$1.read(NioSocketImpl.java:798) ~[na:na]
	at java.base/java.net.Socket$SocketInputStream.implRead(Socket.java:974) ~[na:na]
	at java.base/java.net.Socket$SocketInputStream.read(Socket.java:964) ~[na:na]
	at java.base/sun.security.ssl.SSLSocketInputRecord.read(SSLSocketInputRecord.java:489) ~[na:na]
	at java.base/sun.security.ssl.SSLSocketInputRecord.readHeader(SSLSocketInputRecord.java:483) ~[na:na]
	at java.base/sun.security.ssl.SSLSocketInputRecord.bytesInCompletePacket(SSLSocketInputRecord.java:70) ~[na:na]
	at java.base/sun.security.ssl.SSLSocketImpl.readApplicationRecord(SSLSocketImpl.java:1461) ~[na:na]
	at java.base/sun.security.ssl.SSLSocketImpl$AppInputStream.read(SSLSocketImpl.java:1068) ~[na:na]
	at com.mongodb.internal.connection.SocketStream.read(SocketStream.java:182) ~[mongodb-driver-core-5.5.1.jar:na]
	at com.mongodb.internal.connection.InternalStreamConnection.receiveResponseBuffers(InternalStreamConnection.java:824) ~[mongodb-driver-core-5.5.1.jar:na]
	... 4 common frames omitted

2025-12-08T17:49:31.451+05:30  INFO 57781 --- [mail-service] [ngodb.net:27017] org.mongodb.driver.cluster               : Monitor thread successfully connected to server with description ServerDescription{address=ac-bi9capp-shard-00-00.uziojbv.mongodb.net:27017, type=REPLICA_SET_SECONDARY, cryptd=false, state=CONNECTED, ok=true, minWireVersion=0, maxWireVersion=25, maxDocumentSize=16777216, logicalSessionTimeoutMinutes=30, roundTripTimeNanos=83257000, minRoundTripTimeNanos=0, setName='atlas-ucrn9o-shard-0', canonicalAddress=ac-bi9capp-shard-00-00.uziojbv.mongodb.net:27017, hosts=[ac-bi9capp-shard-00-01.uziojbv.mongodb.net:27017, ac-bi9capp-shard-00-02.uziojbv.mongodb.net:27017, ac-bi9capp-shard-00-00.uziojbv.mongodb.net:27017], passives=[], arbiters=[], primary='ac-bi9capp-shard-00-01.uziojbv.mongodb.net:27017', tagSet=TagSet{[Tag{name='availabilityZone', value='aps1-az1'}, Tag{name='diskState', value='READY'}, Tag{name='nodeType', value='ELECTABLE'}, Tag{name='provider', value='AWS'}, Tag{name='region', value='AP_SOUTH_1'}, Tag{name='workloadType', value='OPERATIONAL'}]}, electionId=null, setVersion=273, topologyVersion=TopologyVersion{processId=691cb1e721397969e83851e7, counter=4}, lastWriteDate=Mon Dec 08 17:49:31 IST 2025, lastUpdateTimeNanos=2424484674339625}
2025-12-08T17:49:31.541+05:30  INFO 57781 --- [mail-service] [ngodb.net:27017] org.mongodb.driver.cluster               : Monitor thread successfully connected to server with description ServerDescription{address=ac-bi9capp-shard-00-02.uziojbv.mongodb.net:27017, type=REPLICA_SET_SECONDARY, cryptd=false, state=CONNECTED, ok=true, minWireVersion=0, maxWireVersion=25, maxDocumentSize=16777216, logicalSessionTimeoutMinutes=30, roundTripTimeNanos=98075042, minRoundTripTimeNanos=0, setName='atlas-ucrn9o-shard-0', canonicalAddress=ac-bi9capp-shard-00-02.uziojbv.mongodb.net:27017, hosts=[ac-bi9capp-shard-00-01.uziojbv.mongodb.net:27017, ac-bi9capp-shard-00-02.uziojbv.mongodb.net:27017, ac-bi9capp-shard-00-00.uziojbv.mongodb.net:27017], passives=[], arbiters=[], primary='ac-bi9capp-shard-00-01.uziojbv.mongodb.net:27017', tagSet=TagSet{[Tag{name='availabilityZone', value='aps1-az2'}, Tag{name='diskState', value='READY'}, Tag{name='nodeType', value='ELECTABLE'}, Tag{name='provider', value='AWS'}, Tag{name='region', value='AP_SOUTH_1'}, Tag{name='workloadType', value='OPERATIONAL'}]}, electionId=null, setVersion=273, topologyVersion=TopologyVersion{processId=691cb72d909b75ec212f555d, counter=3}, lastWriteDate=Mon Dec 08 17:49:31 IST 2025, lastUpdateTimeNanos=2424484764745000}
2025-12-08T17:49:58.513+05:30  INFO 57781 --- [mail-service] [ntainer#1-0-C-1] k.c.c.i.ConsumerRebalanceListenerInvoker : [Consumer clientId=consumer-mail-service-group-8, groupId=mail-service-group] Revoke previously assigned partitions restaurantnotify-0
2025-12-08T17:49:58.513+05:30  INFO 57781 --- [mail-service] [ntainer#7-0-C-1] k.c.c.i.ConsumerRebalanceListenerInvoker : [Consumer clientId=consumer-mail-service-group-2, groupId=mail-service-group] Revoke previously assigned partitions invoice-0
2025-12-08T17:49:58.513+05:30  INFO 57781 --- [mail-service] [ntainer#4-0-C-1] k.c.c.i.ConsumerRebalanceListenerInvoker : [Consumer clientId=consumer-mail-service-group-5, groupId=mail-service-group] Revoke previously assigned partitions rider-0
2025-12-08T17:49:58.513+05:30  INFO 57781 --- [mail-service] [ntainer#6-0-C-1] k.c.c.i.ConsumerRebalanceListenerInvoker : [Consumer clientId=consumer-mail-service-group-1, groupId=mail-service-group] Revoke previously assigned partitions customer-0
2025-12-08T17:49:58.513+05:30  INFO 57781 --- [mail-service] [ntainer#2-0-C-1] k.c.c.i.ConsumerRebalanceListenerInvoker : [Consumer clientId=consumer-mail-service-group-3, groupId=mail-service-group] Revoke previously assigned partitions ridernotify-0
2025-12-08T17:49:58.513+05:30  INFO 57781 --- [mail-service] [ntainer#5-0-C-1] k.c.c.i.ConsumerRebalanceListenerInvoker : [Consumer clientId=consumer-mail-service-group-6, groupId=mail-service-group] Revoke previously assigned partitions delivery-0
2025-12-08T17:49:58.513+05:30  INFO 57781 --- [mail-service] [ntainer#3-0-C-1] k.c.c.i.ConsumerRebalanceListenerInvoker : [Consumer clientId=consumer-mail-service-group-4, groupId=mail-service-group] Revoke previously assigned partitions restaurant-0
2025-12-08T17:49:58.513+05:30  INFO 57781 --- [mail-service] [ntainer#0-0-C-1] k.c.c.i.ConsumerRebalanceListenerInvoker : [Consumer clientId=consumer-mail-service-group-7, groupId=mail-service-group] Revoke previously assigned partitions passwordChange-0
2025-12-08T17:49:58.658+05:30  INFO 57781 --- [mail-service] [ntainer#7-0-C-1] o.s.k.l.KafkaMessageListenerContainer    : mail-service-group: partitions revoked: [invoice-0]
2025-12-08T17:49:58.658+05:30  INFO 57781 --- [mail-service] [ntainer#6-0-C-1] o.s.k.l.KafkaMessageListenerContainer    : mail-service-group: partitions revoked: [customer-0]
2025-12-08T17:49:58.658+05:30  INFO 57781 --- [mail-service] [ntainer#2-0-C-1] o.s.k.l.KafkaMessageListenerContainer    : mail-service-group: partitions revoked: [ridernotify-0]
2025-12-08T17:49:58.658+05:30  INFO 57781 --- [mail-service] [ntainer#0-0-C-1] o.s.k.l.KafkaMessageListenerContainer    : mail-service-group: partitions revoked: [passwordChange-0]
2025-12-08T17:49:58.658+05:30  INFO 57781 --- [mail-service] [ntainer#4-0-C-1] o.s.k.l.KafkaMessageListenerContainer    : mail-service-group: partitions revoked: [rider-0]
2025-12-08T17:49:58.658+05:30  INFO 57781 --- [mail-service] [ntainer#1-0-C-1] o.s.k.l.KafkaMessageListenerContainer    : mail-service-group: partitions revoked: [restaurantnotify-0]
2025-12-08T17:49:58.658+05:30  INFO 57781 --- [mail-service] [ntainer#5-0-C-1] o.s.k.l.KafkaMessageListenerContainer    : mail-service-group: partitions revoked: [delivery-0]
2025-12-08T17:49:58.658+05:30  INFO 57781 --- [mail-service] [ntainer#3-0-C-1] o.s.k.l.KafkaMessageListenerContainer    : mail-service-group: partitions revoked: [restaurant-0]
2025-12-08T17:49:58.663+05:30  INFO 57781 --- [mail-service] [ntainer#6-0-C-1] o.a.k.c.c.internals.ConsumerCoordinator  : [Consumer clientId=consumer-mail-service-group-1, groupId=mail-service-group] Member consumer-mail-service-group-1-4cd1adad-31f6-443a-8093-5f55a170626f sending LeaveGroup request to coordinator localhost:9092 (id: 2147483646 rack: null) due to the consumer unsubscribed from all topics
2025-12-08T17:49:58.663+05:30  INFO 57781 --- [mail-service] [ntainer#2-0-C-1] o.a.k.c.c.internals.ConsumerCoordinator  : [Consumer clientId=consumer-mail-service-group-3, groupId=mail-service-group] Member consumer-mail-service-group-3-91b7b7b5-3380-4aa4-b189-a10e0517b8e5 sending LeaveGroup request to coordinator localhost:9092 (id: 2147483646 rack: null) due to the consumer unsubscribed from all topics
2025-12-08T17:49:58.663+05:30  INFO 57781 --- [mail-service] [ntainer#5-0-C-1] o.a.k.c.c.internals.ConsumerCoordinator  : [Consumer clientId=consumer-mail-service-group-6, groupId=mail-service-group] Member consumer-mail-service-group-6-c5a86308-7695-4335-acd0-0552135243ec sending LeaveGroup request to coordinator localhost:9092 (id: 2147483646 rack: null) due to the consumer unsubscribed from all topics
2025-12-08T17:49:58.663+05:30  INFO 57781 --- [mail-service] [ntainer#7-0-C-1] o.a.k.c.c.internals.ConsumerCoordinator  : [Consumer clientId=consumer-mail-service-group-2, groupId=mail-service-group] Member consumer-mail-service-group-2-63c49a1a-32f4-4534-81f2-42f9147755de sending LeaveGroup request to coordinator localhost:9092 (id: 2147483646 rack: null) due to the consumer unsubscribed from all topics
2025-12-08T17:49:58.663+05:30  INFO 57781 --- [mail-service] [ntainer#4-0-C-1] o.a.k.c.c.internals.ConsumerCoordinator  : [Consumer clientId=consumer-mail-service-group-5, groupId=mail-service-group] Member consumer-mail-service-group-5-74cc997a-80e3-44b7-bd5a-bef4a27124e5 sending LeaveGroup request to coordinator localhost:9092 (id: 2147483646 rack: null) due to the consumer unsubscribed from all topics
2025-12-08T17:49:58.663+05:30  INFO 57781 --- [mail-service] [ntainer#3-0-C-1] o.a.k.c.c.internals.ConsumerCoordinator  : [Consumer clientId=consumer-mail-service-group-4, groupId=mail-service-group] Member consumer-mail-service-group-4-2796dabe-784e-47cf-9f08-5ddc1f50260d sending LeaveGroup request to coordinator localhost:9092 (id: 2147483646 rack: null) due to the consumer unsubscribed from all topics
2025-12-08T17:49:58.664+05:30  INFO 57781 --- [mail-service] [ntainer#1-0-C-1] o.a.k.c.c.internals.ConsumerCoordinator  : [Consumer clientId=consumer-mail-service-group-8, groupId=mail-service-group] Member consumer-mail-service-group-8-24519905-9577-426f-904a-946e712335e8 sending LeaveGroup request to coordinator localhost:9092 (id: 2147483646 rack: null) due to the consumer unsubscribed from all topics
2025-12-08T17:49:58.666+05:30  INFO 57781 --- [mail-service] [ntainer#0-0-C-1] o.a.k.c.c.internals.ConsumerCoordinator  : [Consumer clientId=consumer-mail-service-group-7, groupId=mail-service-group] Member consumer-mail-service-group-7-19116ef9-d4c0-4e00-aa4c-f99215ae6f44 sending LeaveGroup request to coordinator localhost:9092 (id: 2147483646 rack: null) due to the consumer unsubscribed from all topics
2025-12-08T17:49:58.673+05:30  INFO 57781 --- [mail-service] [ntainer#6-0-C-1] o.a.k.c.c.internals.ConsumerCoordinator  : [Consumer clientId=consumer-mail-service-group-1, groupId=mail-service-group] Resetting generation and member id due to: consumer pro-actively leaving the group
2025-12-08T17:49:58.674+05:30  INFO 57781 --- [mail-service] [ntainer#2-0-C-1] o.a.k.c.c.internals.ConsumerCoordinator  : [Consumer clientId=consumer-mail-service-group-3, groupId=mail-service-group] Resetting generation and member id due to: consumer pro-actively leaving the group
2025-12-08T17:49:58.674+05:30  INFO 57781 --- [mail-service] [ntainer#5-0-C-1] o.a.k.c.c.internals.ConsumerCoordinator  : [Consumer clientId=consumer-mail-service-group-6, groupId=mail-service-group] Resetting generation and member id due to: consumer pro-actively leaving the group
2025-12-08T17:49:58.674+05:30  INFO 57781 --- [mail-service] [ntainer#5-0-C-1] o.a.k.c.c.internals.ConsumerCoordinator  : [Consumer clientId=consumer-mail-service-group-6, groupId=mail-service-group] Request joining group due to: consumer pro-actively leaving the group
2025-12-08T17:49:58.674+05:30  INFO 57781 --- [mail-service] [ntainer#3-0-C-1] o.a.k.c.c.internals.ConsumerCoordinator  : [Consumer clientId=consumer-mail-service-group-4, groupId=mail-service-group] Resetting generation and member id due to: consumer pro-actively leaving the group
2025-12-08T17:49:58.674+05:30  INFO 57781 --- [mail-service] [ntainer#6-0-C-1] o.a.k.c.c.internals.ConsumerCoordinator  : [Consumer clientId=consumer-mail-service-group-1, groupId=mail-service-group] Request joining group due to: consumer pro-actively leaving the group
2025-12-08T17:49:58.674+05:30  INFO 57781 --- [mail-service] [ntainer#2-0-C-1] o.a.k.c.c.internals.ConsumerCoordinator  : [Consumer clientId=consumer-mail-service-group-3, groupId=mail-service-group] Request joining group due to: consumer pro-actively leaving the group
2025-12-08T17:49:58.674+05:30  INFO 57781 --- [mail-service] [ntainer#3-0-C-1] o.a.k.c.c.internals.ConsumerCoordinator  : [Consumer clientId=consumer-mail-service-group-4, groupId=mail-service-group] Request joining group due to: consumer pro-actively leaving the group
2025-12-08T17:49:58.674+05:30  INFO 57781 --- [mail-service] [ntainer#7-0-C-1] o.a.k.c.c.internals.ConsumerCoordinator  : [Consumer clientId=consumer-mail-service-group-2, groupId=mail-service-group] Resetting generation and member id due to: consumer pro-actively leaving the group
2025-12-08T17:49:58.674+05:30  INFO 57781 --- [mail-service] [ntainer#0-0-C-1] o.a.k.c.c.internals.ConsumerCoordinator  : [Consumer clientId=consumer-mail-service-group-7, groupId=mail-service-group] Resetting generation and member id due to: consumer pro-actively leaving the group
2025-12-08T17:49:58.675+05:30  INFO 57781 --- [mail-service] [ntainer#0-0-C-1] o.a.k.c.c.internals.ConsumerCoordinator  : [Consumer clientId=consumer-mail-service-group-7, groupId=mail-service-group] Request joining group due to: consumer pro-actively leaving the group
2025-12-08T17:49:58.673+05:30  INFO 57781 --- [mail-service] [ntainer#4-0-C-1] o.a.k.c.c.internals.ConsumerCoordinator  : [Consumer clientId=consumer-mail-service-group-5, groupId=mail-service-group] Resetting generation and member id due to: consumer pro-actively leaving the group
2025-12-08T17:49:58.675+05:30  INFO 57781 --- [mail-service] [ntainer#2-0-C-1] o.a.k.c.c.i.ClassicKafkaConsumer         : [Consumer clientId=consumer-mail-service-group-3, groupId=mail-service-group] Unsubscribed all topics or patterns and assigned partitions
2025-12-08T17:49:58.674+05:30  INFO 57781 --- [mail-service] [ntainer#7-0-C-1] o.a.k.c.c.internals.ConsumerCoordinator  : [Consumer clientId=consumer-mail-service-group-2, groupId=mail-service-group] Request joining group due to: consumer pro-actively leaving the group
2025-12-08T17:49:58.674+05:30  INFO 57781 --- [mail-service] [ntainer#1-0-C-1] o.a.k.c.c.internals.ConsumerCoordinator  : [Consumer clientId=consumer-mail-service-group-8, groupId=mail-service-group] Resetting generation and member id due to: consumer pro-actively leaving the group
2025-12-08T17:49:58.675+05:30  INFO 57781 --- [mail-service] [ntainer#1-0-C-1] o.a.k.c.c.internals.ConsumerCoordinator  : [Consumer clientId=consumer-mail-service-group-8, groupId=mail-service-group] Request joining group due to: consumer pro-actively leaving the group
2025-12-08T17:49:58.675+05:30  INFO 57781 --- [mail-service] [ntainer#1-0-C-1] o.a.k.c.c.i.ClassicKafkaConsumer         : [Consumer clientId=consumer-mail-service-group-8, groupId=mail-service-group] Unsubscribed all topics or patterns and assigned partitions
2025-12-08T17:49:58.675+05:30  INFO 57781 --- [mail-service] [ntainer#0-0-C-1] o.a.k.c.c.i.ClassicKafkaConsumer         : [Consumer clientId=consumer-mail-service-group-7, groupId=mail-service-group] Unsubscribed all topics or patterns and assigned partitions
2025-12-08T17:49:58.675+05:30  INFO 57781 --- [mail-service] [ntainer#6-0-C-1] o.a.k.c.c.i.ClassicKafkaConsumer         : [Consumer clientId=consumer-mail-service-group-1, groupId=mail-service-group] Unsubscribed all topics or patterns and assigned partitions
2025-12-08T17:49:58.675+05:30  INFO 57781 --- [mail-service] [ntainer#3-0-C-1] o.a.k.c.c.i.ClassicKafkaConsumer         : [Consumer clientId=consumer-mail-service-group-4, groupId=mail-service-group] Unsubscribed all topics or patterns and assigned partitions
2025-12-08T17:49:58.675+05:30  INFO 57781 --- [mail-service] [ntainer#4-0-C-1] o.a.k.c.c.internals.ConsumerCoordinator  : [Consumer clientId=consumer-mail-service-group-5, groupId=mail-service-group] Request joining group due to: consumer pro-actively leaving the group
2025-12-08T17:49:58.675+05:30  INFO 57781 --- [mail-service] [ntainer#4-0-C-1] o.a.k.c.c.i.ClassicKafkaConsumer         : [Consumer clientId=consumer-mail-service-group-5, groupId=mail-service-group] Unsubscribed all topics or patterns and assigned partitions
2025-12-08T17:49:58.675+05:30  INFO 57781 --- [mail-service] [ntainer#7-0-C-1] o.a.k.c.c.i.ClassicKafkaConsumer         : [Consumer clientId=consumer-mail-service-group-2, groupId=mail-service-group] Unsubscribed all topics or patterns and assigned partitions
2025-12-08T17:49:58.675+05:30  INFO 57781 --- [mail-service] [ntainer#5-0-C-1] o.a.k.c.c.i.ClassicKafkaConsumer         : [Consumer clientId=consumer-mail-service-group-6, groupId=mail-service-group] Unsubscribed all topics or patterns and assigned partitions
2025-12-08T17:49:58.707+05:30  INFO 57781 --- [mail-service] [ntainer#2-0-C-1] o.a.k.c.c.internals.ConsumerCoordinator  : [Consumer clientId=consumer-mail-service-group-3, groupId=mail-service-group] Resetting generation and member id due to: consumer pro-actively leaving the group
2025-12-08T17:49:58.707+05:30  INFO 57781 --- [mail-service] [ntainer#5-0-C-1] o.a.k.c.c.internals.ConsumerCoordinator  : [Consumer clientId=consumer-mail-service-group-6, groupId=mail-service-group] Resetting generation and member id due to: consumer pro-actively leaving the group
2025-12-08T17:49:58.707+05:30  INFO 57781 --- [mail-service] [ntainer#6-0-C-1] o.a.k.c.c.internals.ConsumerCoordinator  : [Consumer clientId=consumer-mail-service-group-1, groupId=mail-service-group] Resetting generation and member id due to: consumer pro-actively leaving the group
2025-12-08T17:49:58.707+05:30  INFO 57781 --- [mail-service] [ntainer#5-0-C-1] o.a.k.c.c.internals.ConsumerCoordinator  : [Consumer clientId=consumer-mail-service-group-6, groupId=mail-service-group] Request joining group due to: consumer pro-actively leaving the group
2025-12-08T17:49:58.707+05:30  INFO 57781 --- [mail-service] [ntainer#0-0-C-1] o.a.k.c.c.internals.ConsumerCoordinator  : [Consumer clientId=consumer-mail-service-group-7, groupId=mail-service-group] Resetting generation and member id due to: consumer pro-actively leaving the group
2025-12-08T17:49:58.707+05:30  INFO 57781 --- [mail-service] [ntainer#3-0-C-1] o.a.k.c.c.internals.ConsumerCoordinator  : [Consumer clientId=consumer-mail-service-group-4, groupId=mail-service-group] Resetting generation and member id due to: consumer pro-actively leaving the group
2025-12-08T17:49:58.707+05:30  INFO 57781 --- [mail-service] [ntainer#4-0-C-1] o.a.k.c.c.internals.ConsumerCoordinator  : [Consumer clientId=consumer-mail-service-group-5, groupId=mail-service-group] Resetting generation and member id due to: consumer pro-actively leaving the group
2025-12-08T17:49:58.707+05:30  INFO 57781 --- [mail-service] [ntainer#1-0-C-1] o.a.k.c.c.internals.ConsumerCoordinator  : [Consumer clientId=consumer-mail-service-group-8, groupId=mail-service-group] Resetting generation and member id due to: consumer pro-actively leaving the group
2025-12-08T17:49:58.707+05:30  INFO 57781 --- [mail-service] [ntainer#7-0-C-1] o.a.k.c.c.internals.ConsumerCoordinator  : [Consumer clientId=consumer-mail-service-group-2, groupId=mail-service-group] Resetting generation and member id due to: consumer pro-actively leaving the group
2025-12-08T17:49:58.707+05:30  INFO 57781 --- [mail-service] [ntainer#2-0-C-1] o.a.k.c.c.internals.ConsumerCoordinator  : [Consumer clientId=consumer-mail-service-group-3, groupId=mail-service-group] Request joining group due to: consumer pro-actively leaving the group
2025-12-08T17:49:58.707+05:30  INFO 57781 --- [mail-service] [ntainer#6-0-C-1] o.a.k.c.c.internals.ConsumerCoordinator  : [Consumer clientId=consumer-mail-service-group-1, groupId=mail-service-group] Request joining group due to: consumer pro-actively leaving the group
2025-12-08T17:49:58.707+05:30  INFO 57781 --- [mail-service] [ntainer#7-0-C-1] o.a.k.c.c.internals.ConsumerCoordinator  : [Consumer clientId=consumer-mail-service-group-2, groupId=mail-service-group] Request joining group due to: consumer pro-actively leaving the group
2025-12-08T17:49:58.707+05:30  INFO 57781 --- [mail-service] [ntainer#0-0-C-1] o.a.k.c.c.internals.ConsumerCoordinator  : [Consumer clientId=consumer-mail-service-group-7, groupId=mail-service-group] Request joining group due to: consumer pro-actively leaving the group
2025-12-08T17:49:58.707+05:30  INFO 57781 --- [mail-service] [ntainer#3-0-C-1] o.a.k.c.c.internals.ConsumerCoordinator  : [Consumer clientId=consumer-mail-service-group-4, groupId=mail-service-group] Request joining group due to: consumer pro-actively leaving the group
2025-12-08T17:49:58.707+05:30  INFO 57781 --- [mail-service] [ntainer#1-0-C-1] o.a.k.c.c.internals.ConsumerCoordinator  : [Consumer clientId=consumer-mail-service-group-8, groupId=mail-service-group] Request joining group due to: consumer pro-actively leaving the group
2025-12-08T17:49:58.707+05:30  INFO 57781 --- [mail-service] [ntainer#4-0-C-1] o.a.k.c.c.internals.ConsumerCoordinator  : [Consumer clientId=consumer-mail-service-group-5, groupId=mail-service-group] Request joining group due to: consumer pro-actively leaving the group
2025-12-08T17:49:59.745+05:30  INFO 57781 --- [mail-service] [ntainer#0-0-C-1] o.apache.kafka.common.metrics.Metrics    : Metrics scheduler closed
2025-12-08T17:49:59.745+05:30  INFO 57781 --- [mail-service] [ntainer#4-0-C-1] o.apache.kafka.common.metrics.Metrics    : Metrics scheduler closed
2025-12-08T17:49:59.745+05:30  INFO 57781 --- [mail-service] [ntainer#5-0-C-1] o.apache.kafka.common.metrics.Metrics    : Metrics scheduler closed
2025-12-08T17:49:59.745+05:30  INFO 57781 --- [mail-service] [ntainer#6-0-C-1] o.apache.kafka.common.metrics.Metrics    : Metrics scheduler closed
2025-12-08T17:49:59.745+05:30  INFO 57781 --- [mail-service] [ntainer#1-0-C-1] o.apache.kafka.common.metrics.Metrics    : Metrics scheduler closed
2025-12-08T17:49:59.745+05:30  INFO 57781 --- [mail-service] [ntainer#2-0-C-1] o.apache.kafka.common.metrics.Metrics    : Metrics scheduler closed
2025-12-08T17:49:59.745+05:30  INFO 57781 --- [mail-service] [ntainer#1-0-C-1] o.apache.kafka.common.metrics.Metrics    : Closing reporter org.apache.kafka.common.metrics.JmxReporter
2025-12-08T17:49:59.745+05:30  INFO 57781 --- [mail-service] [ntainer#4-0-C-1] o.apache.kafka.common.metrics.Metrics    : Closing reporter org.apache.kafka.common.metrics.JmxReporter
2025-12-08T17:49:59.745+05:30  INFO 57781 --- [mail-service] [ntainer#5-0-C-1] o.apache.kafka.common.metrics.Metrics    : Closing reporter org.apache.kafka.common.metrics.JmxReporter
2025-12-08T17:49:59.745+05:30  INFO 57781 --- [mail-service] [ntainer#0-0-C-1] o.apache.kafka.common.metrics.Metrics    : Closing reporter org.apache.kafka.common.metrics.JmxReporter
2025-12-08T17:49:59.745+05:30  INFO 57781 --- [mail-service] [ntainer#2-0-C-1] o.apache.kafka.common.metrics.Metrics    : Closing reporter org.apache.kafka.common.metrics.JmxReporter
2025-12-08T17:49:59.745+05:30  INFO 57781 --- [mail-service] [ntainer#1-0-C-1] o.apache.kafka.common.metrics.Metrics    : Closing reporter org.apache.kafka.common.telemetry.internals.ClientTelemetryReporter
2025-12-08T17:49:59.745+05:30  INFO 57781 --- [mail-service] [ntainer#2-0-C-1] o.apache.kafka.common.metrics.Metrics    : Closing reporter org.apache.kafka.common.telemetry.internals.ClientTelemetryReporter
2025-12-08T17:49:59.745+05:30  INFO 57781 --- [mail-service] [ntainer#1-0-C-1] o.apache.kafka.common.metrics.Metrics    : Metrics reporters closed
2025-12-08T17:49:59.745+05:30  INFO 57781 --- [mail-service] [ntainer#2-0-C-1] o.apache.kafka.common.metrics.Metrics    : Metrics reporters closed
2025-12-08T17:49:59.745+05:30  INFO 57781 --- [mail-service] [ntainer#6-0-C-1] o.apache.kafka.common.metrics.Metrics    : Closing reporter org.apache.kafka.common.metrics.JmxReporter
2025-12-08T17:49:59.745+05:30  INFO 57781 --- [mail-service] [ntainer#4-0-C-1] o.apache.kafka.common.metrics.Metrics    : Closing reporter org.apache.kafka.common.telemetry.internals.ClientTelemetryReporter
2025-12-08T17:49:59.745+05:30  INFO 57781 --- [mail-service] [ntainer#4-0-C-1] o.apache.kafka.common.metrics.Metrics    : Metrics reporters closed
2025-12-08T17:49:59.745+05:30  INFO 57781 --- [mail-service] [ntainer#5-0-C-1] o.apache.kafka.common.metrics.Metrics    : Closing reporter org.apache.kafka.common.telemetry.internals.ClientTelemetryReporter
2025-12-08T17:49:59.745+05:30  INFO 57781 --- [mail-service] [ntainer#5-0-C-1] o.apache.kafka.common.metrics.Metrics    : Metrics reporters closed
2025-12-08T17:49:59.745+05:30  INFO 57781 --- [mail-service] [ntainer#0-0-C-1] o.apache.kafka.common.metrics.Metrics    : Closing reporter org.apache.kafka.common.telemetry.internals.ClientTelemetryReporter
2025-12-08T17:49:59.746+05:30  INFO 57781 --- [mail-service] [ntainer#6-0-C-1] o.apache.kafka.common.metrics.Metrics    : Closing reporter org.apache.kafka.common.telemetry.internals.ClientTelemetryReporter
2025-12-08T17:49:59.746+05:30  INFO 57781 --- [mail-service] [ntainer#6-0-C-1] o.apache.kafka.common.metrics.Metrics    : Metrics reporters closed
2025-12-08T17:49:59.746+05:30  INFO 57781 --- [mail-service] [ntainer#0-0-C-1] o.apache.kafka.common.metrics.Metrics    : Metrics reporters closed
2025-12-08T17:49:59.759+05:30  INFO 57781 --- [mail-service] [ntainer#5-0-C-1] o.a.kafka.common.utils.AppInfoParser     : App info kafka.consumer for consumer-mail-service-group-6 unregistered
2025-12-08T17:49:59.759+05:30  INFO 57781 --- [mail-service] [ntainer#6-0-C-1] o.a.kafka.common.utils.AppInfoParser     : App info kafka.consumer for consumer-mail-service-group-1 unregistered
2025-12-08T17:49:59.759+05:30  INFO 57781 --- [mail-service] [ntainer#6-0-C-1] o.s.k.l.KafkaMessageListenerContainer    : mail-service-group: Consumer stopped
2025-12-08T17:49:59.759+05:30  INFO 57781 --- [mail-service] [ntainer#4-0-C-1] o.a.kafka.common.utils.AppInfoParser     : App info kafka.consumer for consumer-mail-service-group-5 unregistered
2025-12-08T17:49:59.759+05:30  INFO 57781 --- [mail-service] [ntainer#4-0-C-1] o.s.k.l.KafkaMessageListenerContainer    : mail-service-group: Consumer stopped
2025-12-08T17:49:59.760+05:30  INFO 57781 --- [mail-service] [ntainer#5-0-C-1] o.s.k.l.KafkaMessageListenerContainer    : mail-service-group: Consumer stopped
2025-12-08T17:49:59.760+05:30  INFO 57781 --- [mail-service] [ntainer#0-0-C-1] o.a.kafka.common.utils.AppInfoParser     : App info kafka.consumer for consumer-mail-service-group-7 unregistered
2025-12-08T17:49:59.760+05:30  INFO 57781 --- [mail-service] [ntainer#0-0-C-1] o.s.k.l.KafkaMessageListenerContainer    : mail-service-group: Consumer stopped
2025-12-08T17:49:59.760+05:30  INFO 57781 --- [mail-service] [ntainer#2-0-C-1] o.a.kafka.common.utils.AppInfoParser     : App info kafka.consumer for consumer-mail-service-group-3 unregistered
2025-12-08T17:49:59.760+05:30  INFO 57781 --- [mail-service] [ntainer#2-0-C-1] o.s.k.l.KafkaMessageListenerContainer    : mail-service-group: Consumer stopped
2025-12-08T17:49:59.761+05:30  INFO 57781 --- [mail-service] [ntainer#1-0-C-1] o.a.kafka.common.utils.AppInfoParser     : App info kafka.consumer for consumer-mail-service-group-8 unregistered
2025-12-08T17:49:59.761+05:30  INFO 57781 --- [mail-service] [ntainer#1-0-C-1] o.s.k.l.KafkaMessageListenerContainer    : mail-service-group: Consumer stopped
2025-12-08T17:49:59.803+05:30  INFO 57781 --- [mail-service] [ntainer#3-0-C-1] o.apache.kafka.common.metrics.Metrics    : Metrics scheduler closed
2025-12-08T17:49:59.803+05:30  INFO 57781 --- [mail-service] [ntainer#3-0-C-1] o.apache.kafka.common.metrics.Metrics    : Closing reporter org.apache.kafka.common.metrics.JmxReporter
2025-12-08T17:49:59.803+05:30  INFO 57781 --- [mail-service] [ntainer#3-0-C-1] o.apache.kafka.common.metrics.Metrics    : Closing reporter org.apache.kafka.common.telemetry.internals.ClientTelemetryReporter
2025-12-08T17:49:59.803+05:30  INFO 57781 --- [mail-service] [ntainer#3-0-C-1] o.apache.kafka.common.metrics.Metrics    : Metrics reporters closed
2025-12-08T17:49:59.806+05:30  INFO 57781 --- [mail-service] [ntainer#3-0-C-1] o.a.kafka.common.utils.AppInfoParser     : App info kafka.consumer for consumer-mail-service-group-4 unregistered
2025-12-08T17:49:59.806+05:30  INFO 57781 --- [mail-service] [ntainer#3-0-C-1] o.s.k.l.KafkaMessageListenerContainer    : mail-service-group: Consumer stopped
2025-12-08T17:49:59.866+05:30  INFO 57781 --- [mail-service] [ntainer#7-0-C-1] o.apache.kafka.common.metrics.Metrics    : Metrics scheduler closed
2025-12-08T17:49:59.867+05:30  INFO 57781 --- [mail-service] [ntainer#7-0-C-1] o.apache.kafka.common.metrics.Metrics    : Closing reporter org.apache.kafka.common.metrics.JmxReporter
2025-12-08T17:49:59.867+05:30  INFO 57781 --- [mail-service] [ntainer#7-0-C-1] o.apache.kafka.common.metrics.Metrics    : Closing reporter org.apache.kafka.common.telemetry.internals.ClientTelemetryReporter
2025-12-08T17:49:59.867+05:30  INFO 57781 --- [mail-service] [ntainer#7-0-C-1] o.apache.kafka.common.metrics.Metrics    : Metrics reporters closed
2025-12-08T17:49:59.871+05:30  INFO 57781 --- [mail-service] [ntainer#7-0-C-1] o.a.kafka.common.utils.AppInfoParser     : App info kafka.consumer for consumer-mail-service-group-2 unregistered
2025-12-08T17:49:59.871+05:30  INFO 57781 --- [mail-service] [ntainer#7-0-C-1] o.s.k.l.KafkaMessageListenerContainer    : mail-service-group: Consumer stopped
2025-12-08T17:49:59.873+05:30  INFO 57781 --- [mail-service] [ionShutdownHook] o.s.b.w.e.tomcat.GracefulShutdown        : Commencing graceful shutdown. Waiting for active requests to complete
2025-12-08T17:49:59.883+05:30  INFO 57781 --- [mail-service] [tomcat-shutdown] o.s.b.w.e.tomcat.GracefulShutdown        : Graceful shutdown complete
